--
-- PostgreSQL database dump
--

-- Dumped from database version 12.2 (Ubuntu 12.2-4)
-- Dumped by pg_dump version 12.2 (Ubuntu 12.2-4)

SET statement_timeout = 0;
SET lock_timeout = 0;
SET idle_in_transaction_session_timeout = 0;
SET client_encoding = 'UTF8';
SET standard_conforming_strings = on;
SELECT pg_catalog.set_config('search_path', '', false);
SET check_function_bodies = false;
SET xmloption = content;
SET client_min_messages = warning;
SET row_security = off;

--
-- Name: pgcrypto; Type: EXTENSION; Schema: -; Owner: -
--

CREATE EXTENSION IF NOT EXISTS pgcrypto WITH SCHEMA public;


--
-- Name: EXTENSION pgcrypto; Type: COMMENT; Schema: -; Owner: 
--

COMMENT ON EXTENSION pgcrypto IS 'cryptographic functions';


SET default_tablespace = '';

SET default_table_access_method = heap;

--
-- Name: addresses; Type: TABLE; Schema: public; Owner: ekatte
--

CREATE TABLE public.addresses (
    id integer NOT NULL,
    user_id integer NOT NULL,
    address text NOT NULL,
    city text NOT NULL,
    postalcode text NOT NULL,
    country text NOT NULL
);


ALTER TABLE public.addresses OWNER TO ekatte;

--
-- Name: addresses_id_seq; Type: SEQUENCE; Schema: public; Owner: ekatte
--

CREATE SEQUENCE public.addresses_id_seq
    AS integer
    START WITH 1
    INCREMENT BY 1
    NO MINVALUE
    NO MAXVALUE
    CACHE 1;


ALTER TABLE public.addresses_id_seq OWNER TO ekatte;

--
-- Name: addresses_id_seq; Type: SEQUENCE OWNED BY; Schema: public; Owner: ekatte
--

ALTER SEQUENCE public.addresses_id_seq OWNED BY public.addresses.id;


--
-- Name: cart_items; Type: TABLE; Schema: public; Owner: ekatte
--

CREATE TABLE public.cart_items (
    id integer NOT NULL,
    user_id integer NOT NULL,
    product_id integer NOT NULL,
    quantity integer NOT NULL
);


ALTER TABLE public.cart_items OWNER TO ekatte;

--
-- Name: cart_items_id_seq; Type: SEQUENCE; Schema: public; Owner: ekatte
--

CREATE SEQUENCE public.cart_items_id_seq
    AS integer
    START WITH 1
    INCREMENT BY 1
    NO MINVALUE
    NO MAXVALUE
    CACHE 1;


ALTER TABLE public.cart_items_id_seq OWNER TO ekatte;

--
-- Name: cart_items_id_seq; Type: SEQUENCE OWNED BY; Schema: public; Owner: ekatte
--

ALTER SEQUENCE public.cart_items_id_seq OWNED BY public.cart_items.id;


--
-- Name: currencies; Type: TABLE; Schema: public; Owner: ekatte
--

CREATE TABLE public.currencies (
    id bigint NOT NULL,
    currency_id text NOT NULL
);


ALTER TABLE public.currencies OWNER TO ekatte;

--
-- Name: currencies_id_seq; Type: SEQUENCE; Schema: public; Owner: ekatte
--

CREATE SEQUENCE public.currencies_id_seq
    START WITH 1
    INCREMENT BY 1
    NO MINVALUE
    NO MAXVALUE
    CACHE 1;


ALTER TABLE public.currencies_id_seq OWNER TO ekatte;

--
-- Name: currencies_id_seq; Type: SEQUENCE OWNED BY; Schema: public; Owner: ekatte
--

ALTER SEQUENCE public.currencies_id_seq OWNED BY public.currencies.id;


--
-- Name: employees; Type: TABLE; Schema: public; Owner: ekatte
--

CREATE TABLE public.employees (
    id integer NOT NULL,
    name text NOT NULL,
    username text NOT NULL,
    email text NOT NULL,
    password text NOT NULL
);


ALTER TABLE public.employees OWNER TO ekatte;

--
-- Name: employees_id_seq; Type: SEQUENCE; Schema: public; Owner: ekatte
--

CREATE SEQUENCE public.employees_id_seq
    AS integer
    START WITH 1
    INCREMENT BY 1
    NO MINVALUE
    NO MAXVALUE
    CACHE 1;


ALTER TABLE public.employees_id_seq OWNER TO ekatte;

--
-- Name: employees_id_seq; Type: SEQUENCE OWNED BY; Schema: public; Owner: ekatte
--

ALTER SEQUENCE public.employees_id_seq OWNED BY public.employees.id;


--
-- Name: order_items; Type: TABLE; Schema: public; Owner: ekatte
--

CREATE TABLE public.order_items (
    id bigint NOT NULL,
    order_id bigint NOT NULL,
    product_id bigint NOT NULL,
    quantity bigint NOT NULL
);


ALTER TABLE public.order_items OWNER TO ekatte;

--
-- Name: order_items_id_seq; Type: SEQUENCE; Schema: public; Owner: ekatte
--

CREATE SEQUENCE public.order_items_id_seq
    START WITH 1
    INCREMENT BY 1
    NO MINVALUE
    NO MAXVALUE
    CACHE 1;


ALTER TABLE public.order_items_id_seq OWNER TO ekatte;

--
-- Name: order_items_id_seq; Type: SEQUENCE OWNED BY; Schema: public; Owner: ekatte
--

ALTER SEQUENCE public.order_items_id_seq OWNED BY public.order_items.id;


--
-- Name: orders; Type: TABLE; Schema: public; Owner: ekatte
--

CREATE TABLE public.orders (
    id bigint NOT NULL,
    user_id bigint,
    address_id bigint NOT NULL,
    payment_id text NOT NULL,
    created timestamp without time zone NOT NULL,
    order_status text NOT NULL,
    price numeric NOT NULL,
    currency text DEFAULT 'EUR'::text
);


ALTER TABLE public.orders OWNER TO ekatte;

--
-- Name: orders_id_seq; Type: SEQUENCE; Schema: public; Owner: ekatte
--

CREATE SEQUENCE public.orders_id_seq
    START WITH 1
    INCREMENT BY 1
    NO MINVALUE
    NO MAXVALUE
    CACHE 1;


ALTER TABLE public.orders_id_seq OWNER TO ekatte;

--
-- Name: orders_id_seq; Type: SEQUENCE OWNED BY; Schema: public; Owner: ekatte
--

ALTER SEQUENCE public.orders_id_seq OWNED BY public.orders.id;


--
-- Name: payments; Type: TABLE; Schema: public; Owner: ekatte
--

CREATE TABLE public.payments (
    id bigint NOT NULL,
    cancelled text NOT NULL,
    paid text NOT NULL,
    time_of_payment timestamp without time zone NOT NULL,
    recipient_name text NOT NULL,
    recipient_email text NOT NULL,
    payerid text NOT NULL,
    paymentid text NOT NULL,
    paymenttoken text NOT NULL,
    payment_sum numeric NOT NULL,
    currency text NOT NULL
);


ALTER TABLE public.payments OWNER TO ekatte;

--
-- Name: payments_id_seq; Type: SEQUENCE; Schema: public; Owner: ekatte
--

CREATE SEQUENCE public.payments_id_seq
    START WITH 1
    INCREMENT BY 1
    NO MINVALUE
    NO MAXVALUE
    CACHE 1;


ALTER TABLE public.payments_id_seq OWNER TO ekatte;

--
-- Name: payments_id_seq; Type: SEQUENCE OWNED BY; Schema: public; Owner: ekatte
--

ALTER SEQUENCE public.payments_id_seq OWNED BY public.payments.id;


--
-- Name: products; Type: TABLE; Schema: public; Owner: ekatte
--

CREATE TABLE public.products (
    id integer NOT NULL,
    name text NOT NULL,
    image text NOT NULL,
    price numeric NOT NULL,
    count_in_stock integer NOT NULL,
    description text NOT NULL,
    create_date text NOT NULL,
    edit_time text,
    currency_id text DEFAULT 'EUR'::text,
    brand text DEFAULT 'whatever'::text,
    has_image boolean DEFAULT false
);


ALTER TABLE public.products OWNER TO ekatte;

--
-- Name: products_details; Type: TABLE; Schema: public; Owner: ekatte
--

CREATE TABLE public.products_details (
    id integer NOT NULL,
    product_id integer NOT NULL,
    size text NOT NULL,
    color text NOT NULL,
    gender text NOT NULL
);


ALTER TABLE public.products_details OWNER TO ekatte;

--
-- Name: products_details_id_seq; Type: SEQUENCE; Schema: public; Owner: ekatte
--

CREATE SEQUENCE public.products_details_id_seq
    AS integer
    START WITH 1
    INCREMENT BY 1
    NO MINVALUE
    NO MAXVALUE
    CACHE 1;


ALTER TABLE public.products_details_id_seq OWNER TO ekatte;

--
-- Name: products_details_id_seq; Type: SEQUENCE OWNED BY; Schema: public; Owner: ekatte
--

ALTER SEQUENCE public.products_details_id_seq OWNED BY public.products_details.id;


--
-- Name: products_id_seq; Type: SEQUENCE; Schema: public; Owner: ekatte
--

CREATE SEQUENCE public.products_id_seq
    AS integer
    START WITH 1
    INCREMENT BY 1
    NO MINVALUE
    NO MAXVALUE
    CACHE 1;


ALTER TABLE public.products_id_seq OWNER TO ekatte;

--
-- Name: products_id_seq; Type: SEQUENCE OWNED BY; Schema: public; Owner: ekatte
--

ALTER SEQUENCE public.products_id_seq OWNED BY public.products.id;


--
-- Name: tags; Type: TABLE; Schema: public; Owner: ekatte
--

CREATE TABLE public.tags (
    id integer NOT NULL,
    name text NOT NULL
);


ALTER TABLE public.tags OWNER TO ekatte;

--
-- Name: tags_id_seq; Type: SEQUENCE; Schema: public; Owner: ekatte
--

CREATE SEQUENCE public.tags_id_seq
    AS integer
    START WITH 1
    INCREMENT BY 1
    NO MINVALUE
    NO MAXVALUE
    CACHE 1;


ALTER TABLE public.tags_id_seq OWNER TO ekatte;

--
-- Name: tags_id_seq; Type: SEQUENCE OWNED BY; Schema: public; Owner: ekatte
--

ALTER SEQUENCE public.tags_id_seq OWNED BY public.tags.id;


--
-- Name: tags_products; Type: TABLE; Schema: public; Owner: ekatte
--

CREATE TABLE public.tags_products (
    id integer NOT NULL,
    product_id integer NOT NULL,
    tag_id integer NOT NULL
);


ALTER TABLE public.tags_products OWNER TO ekatte;

--
-- Name: tags_products_id_seq; Type: SEQUENCE; Schema: public; Owner: ekatte
--

CREATE SEQUENCE public.tags_products_id_seq
    AS integer
    START WITH 1
    INCREMENT BY 1
    NO MINVALUE
    NO MAXVALUE
    CACHE 1;


ALTER TABLE public.tags_products_id_seq OWNER TO ekatte;

--
-- Name: tags_products_id_seq; Type: SEQUENCE OWNED BY; Schema: public; Owner: ekatte
--

ALTER SEQUENCE public.tags_products_id_seq OWNED BY public.tags_products.id;


--
-- Name: users; Type: TABLE; Schema: public; Owner: ekatte
--

CREATE TABLE public.users (
    id integer NOT NULL,
    name text NOT NULL,
    username text NOT NULL,
    email text NOT NULL,
    password text NOT NULL,
    verified boolean DEFAULT false,
    create_date timestamp without time zone
);


ALTER TABLE public.users OWNER TO ekatte;

--
-- Name: users_id_seq; Type: SEQUENCE; Schema: public; Owner: ekatte
--

CREATE SEQUENCE public.users_id_seq
    AS integer
    START WITH 1
    INCREMENT BY 1
    NO MINVALUE
    NO MAXVALUE
    CACHE 1;


ALTER TABLE public.users_id_seq OWNER TO ekatte;

--
-- Name: users_id_seq; Type: SEQUENCE OWNED BY; Schema: public; Owner: ekatte
--

ALTER SEQUENCE public.users_id_seq OWNED BY public.users.id;


--
-- Name: addresses id; Type: DEFAULT; Schema: public; Owner: ekatte
--

ALTER TABLE ONLY public.addresses ALTER COLUMN id SET DEFAULT nextval('public.addresses_id_seq'::regclass);


--
-- Name: cart_items id; Type: DEFAULT; Schema: public; Owner: ekatte
--

ALTER TABLE ONLY public.cart_items ALTER COLUMN id SET DEFAULT nextval('public.cart_items_id_seq'::regclass);


--
-- Name: currencies id; Type: DEFAULT; Schema: public; Owner: ekatte
--

ALTER TABLE ONLY public.currencies ALTER COLUMN id SET DEFAULT nextval('public.currencies_id_seq'::regclass);


--
-- Name: employees id; Type: DEFAULT; Schema: public; Owner: ekatte
--

ALTER TABLE ONLY public.employees ALTER COLUMN id SET DEFAULT nextval('public.employees_id_seq'::regclass);


--
-- Name: order_items id; Type: DEFAULT; Schema: public; Owner: ekatte
--

ALTER TABLE ONLY public.order_items ALTER COLUMN id SET DEFAULT nextval('public.order_items_id_seq'::regclass);


--
-- Name: orders id; Type: DEFAULT; Schema: public; Owner: ekatte
--

ALTER TABLE ONLY public.orders ALTER COLUMN id SET DEFAULT nextval('public.orders_id_seq'::regclass);


--
-- Name: payments id; Type: DEFAULT; Schema: public; Owner: ekatte
--

ALTER TABLE ONLY public.payments ALTER COLUMN id SET DEFAULT nextval('public.payments_id_seq'::regclass);


--
-- Name: products id; Type: DEFAULT; Schema: public; Owner: ekatte
--

ALTER TABLE ONLY public.products ALTER COLUMN id SET DEFAULT nextval('public.products_id_seq'::regclass);


--
-- Name: products_details id; Type: DEFAULT; Schema: public; Owner: ekatte
--

ALTER TABLE ONLY public.products_details ALTER COLUMN id SET DEFAULT nextval('public.products_details_id_seq'::regclass);


--
-- Name: tags id; Type: DEFAULT; Schema: public; Owner: ekatte
--

ALTER TABLE ONLY public.tags ALTER COLUMN id SET DEFAULT nextval('public.tags_id_seq'::regclass);


--
-- Name: tags_products id; Type: DEFAULT; Schema: public; Owner: ekatte
--

ALTER TABLE ONLY public.tags_products ALTER COLUMN id SET DEFAULT nextval('public.tags_products_id_seq'::regclass);


--
-- Name: users id; Type: DEFAULT; Schema: public; Owner: ekatte
--

ALTER TABLE ONLY public.users ALTER COLUMN id SET DEFAULT nextval('public.users_id_seq'::regclass);


--
-- Data for Name: addresses; Type: TABLE DATA; Schema: public; Owner: ekatte
--

COPY public.addresses (id, user_id, address, city, postalcode, country) FROM stdin;
41	79	ж.к. Младост 2 , бл, 205 Б, вх.1,ет.1,ап.1	София	1111	България
42	79	ж.к. Младост 3 , бл, 305 Б, вх.1,ет.1,ап.1	София	1799	България
43	82	ж.к. Младост 32 , бл, 205 Б, вх.1,ет.1,ап.1	София	1799	Гърция
44	82	ж.к. Младост 33332 , бл, 205 Б, вх.1,ет.1,ап.1	София	1999	България
\.


--
-- Data for Name: cart_items; Type: TABLE DATA; Schema: public; Owner: ekatte
--

COPY public.cart_items (id, user_id, product_id, quantity) FROM stdin;
56	82	1769	5
58	79	1774	1
75	79	1639	5
76	79	1640	4
77	79	1641	3
74	79	1638	1
\.


--
-- Data for Name: currencies; Type: TABLE DATA; Schema: public; Owner: ekatte
--

COPY public.currencies (id, currency_id) FROM stdin;
1	EUR
\.


--
-- Data for Name: employees; Type: TABLE DATA; Schema: public; Owner: ekatte
--

COPY public.employees (id, name, username, email, password) FROM stdin;
1	Test	uzi	aleksandar.i.uzunov@gmail.com	aleksan99
2	Александър Узунов	dadad	aleksan4@abv.bg	$2a$08$ld/KHpOdpUgQahS8R1RHcuDgyWR2xldj5VvlIVqL.hLS1r3S4BtvC
\.


--
-- Data for Name: order_items; Type: TABLE DATA; Schema: public; Owner: ekatte
--

COPY public.order_items (id, order_id, product_id, quantity) FROM stdin;
18	16	1647	1
19	16	1638	1
20	17	1743	1
21	17	1742	1
22	17	1648	1
23	17	1746	1
24	18	1637	1
25	19	2631	1
26	19	2630	1
27	19	2629	1
28	19	2632	1
29	19	2633	1
30	19	2634	1
\.


--
-- Data for Name: orders; Type: TABLE DATA; Schema: public; Owner: ekatte
--

COPY public.orders (id, user_id, address_id, payment_id, created, order_status, price, currency) FROM stdin;
16	79	41	PAYID-L4V6YKY7UR165904C175184H	2020-08-06 14:40:48	На път!!	139.69	EUR
17	79	41	PAYID-L4WCIEQ6T9909133C9824827	2020-08-06 18:39:22	На път!!	237.70	EUR
18	79	41	PAYID-L4WDCPY4BY99239SF944352D	2020-08-06 19:35:34	На път!!	11.79	EUR
19	79	42	PAYID-L4WDKMQ6SX04822RK131092R	2020-08-06 19:53:43	На път!!	213.19	EUR
\.


--
-- Data for Name: payments; Type: TABLE DATA; Schema: public; Owner: ekatte
--

COPY public.payments (id, cancelled, paid, time_of_payment, recipient_name, recipient_email, payerid, paymentid, paymenttoken, payment_sum, currency) FROM stdin;
23	false	true	2020-08-06 14:40:48	John Doe	sb-hjt47z2813620@personal.example.com	39ZMUUFAQAUGQ	PAYID-L4V6YKY7UR165904C175184H	EC-0CB26451FR4000822	139.69	EUR
24	false	true	2020-08-06 18:39:22	John Doe	sb-hjt47z2813620@personal.example.com	39ZMUUFAQAUGQ	PAYID-L4WCIEQ6T9909133C9824827	EC-3CY644298N289762X	237.70	EUR
25	false	true	2020-08-06 19:35:34	John Doe	sb-hjt47z2813620@personal.example.com	39ZMUUFAQAUGQ	PAYID-L4WDCPY4BY99239SF944352D	EC-02873252FG406154B	11.79	EUR
26	false	true	2020-08-06 19:53:43	John Doe	sb-hjt47z2813620@personal.example.com	39ZMUUFAQAUGQ	PAYID-L4WDKMQ6SX04822RK131092R	EC-9WD10452050309547	213.19	EUR
\.


--
-- Data for Name: products; Type: TABLE DATA; Schema: public; Owner: ekatte
--

COPY public.products (id, name, image, price, count_in_stock, description, create_date, edit_time, currency_id, brand, has_image) FROM stdin;
1648	Книга11	https://picsum.photos/400?image=382	30.926	6	Рандом описание11	5/8/2020 @ 12:9:12	\N	EUR	whatever	t
1639	Книга2	https://picsum.photos/400?image=65	68.399	17	Рандом описание2	5/8/2020 @ 12:9:11	\N	EUR	whatever	t
1640	Книга3	https://picsum.photos/400?image=410	73.272	9	Рандом описание3	5/8/2020 @ 12:9:11	\N	EUR	whatever	t
1641	Книга4	https://picsum.photos/400?image=399	24.490	9	Рандом описание4	5/8/2020 @ 12:9:11	\N	EUR	whatever	t
1642	Книга5	https://picsum.photos/400?image=361	66.578	16	Рандом описание5	5/8/2020 @ 12:9:11	\N	EUR	whatever	t
1643	Книга6	https://picsum.photos/400?image=386	12.903	7	Рандом описание6	5/8/2020 @ 12:9:11	\N	EUR	whatever	t
1644	Книга7	https://picsum.photos/400?image=53	71.945	8	Рандом описание7	5/8/2020 @ 12:9:11	\N	EUR	whatever	t
1645	Книга8	https://picsum.photos/400?image=612	32.057	5	Рандом описание8	5/8/2020 @ 12:9:11	\N	EUR	whatever	t
1646	Книга9	https://picsum.photos/400?image=154	87.062	16	Рандом описание9	5/8/2020 @ 12:9:11	\N	EUR	whatever	t
1637	Книга0	https://picsum.photos/400?image=23	11.793	0	Рандом описание0	5/8/2020 @ 12:9:11	\N	EUR	whatever	t
1649	Книга12	https://picsum.photos/400?image=301	63.136	17	Рандом описание12	5/8/2020 @ 12:9:12	\N	EUR	whatever	t
1650	Книга13	https://picsum.photos/400?image=419	21.442	5	Рандом описание13	5/8/2020 @ 12:9:12	\N	EUR	whatever	t
1651	Книга14	https://picsum.photos/400?image=799	27.348	6	Рандом описание14	5/8/2020 @ 12:9:12	\N	EUR	whatever	t
1652	Книга15	https://picsum.photos/400?image=914	52.280	10	Рандом описание15	5/8/2020 @ 12:9:12	\N	EUR	whatever	t
1653	Книга16	https://picsum.photos/400?image=998	75.290	14	Рандом описание16	5/8/2020 @ 12:9:12	\N	EUR	whatever	t
1654	Книга17	https://picsum.photos/400?image=297	53.104	19	Рандом описание17	5/8/2020 @ 12:9:12	\N	EUR	whatever	t
1655	Книга18	https://picsum.photos/400?image=828	15.038	8	Рандом описание18	5/8/2020 @ 12:9:12	\N	EUR	whatever	t
1656	Книга19	https://picsum.photos/400?image=160	17.959	7	Рандом описание19	5/8/2020 @ 12:9:12	\N	EUR	whatever	t
1657	Книга20	https://picsum.photos/400?image=72	42.977	2	Рандом описание20	5/8/2020 @ 12:9:12	\N	EUR	whatever	t
1658	Книга21	https://picsum.photos/400?image=43	16.133	13	Рандом описание21	5/8/2020 @ 12:9:13	\N	EUR	whatever	t
1659	Книга22	https://picsum.photos/400?image=127	7.437	15	Рандом описание22	5/8/2020 @ 12:9:13	\N	EUR	whatever	t
1660	Книга23	https://picsum.photos/400?image=986	90.418	7	Рандом описание23	5/8/2020 @ 12:9:13	\N	EUR	whatever	t
1661	Книга24	https://picsum.photos/400?image=200	95.127	14	Рандом описание24	5/8/2020 @ 12:9:13	\N	EUR	whatever	t
1662	Книга25	https://picsum.photos/400?image=58	21.116	13	Рандом описание25	5/8/2020 @ 12:9:13	\N	EUR	whatever	t
1663	Книга26	https://picsum.photos/400?image=251	9.014	12	Рандом описание26	5/8/2020 @ 12:9:13	\N	EUR	whatever	t
1664	Книга27	https://picsum.photos/400?image=345	95.617	6	Рандом описание27	5/8/2020 @ 12:9:13	\N	EUR	whatever	t
1665	Книга28	https://picsum.photos/400?image=953	16.138	5	Рандом описание28	5/8/2020 @ 12:9:13	\N	EUR	whatever	t
1666	Книга29	https://picsum.photos/400?image=782	4.752	11	Рандом описание29	5/8/2020 @ 12:9:13	\N	EUR	whatever	t
1667	Книга30	https://picsum.photos/400?image=465	31.555	7	Рандом описание30	5/8/2020 @ 12:9:13	\N	EUR	whatever	t
1668	Книга31	https://picsum.photos/400?image=620	97.179	12	Рандом описание31	5/8/2020 @ 12:9:13	\N	EUR	whatever	t
1669	Книга32	https://picsum.photos/400?image=242	4.663	14	Рандом описание32	5/8/2020 @ 12:9:13	\N	EUR	whatever	t
1670	Книга33	https://picsum.photos/400?image=464	72.297	18	Рандом описание33	5/8/2020 @ 12:9:13	\N	EUR	whatever	t
1671	Книга34	https://picsum.photos/400?image=802	96.949	2	Рандом описание34	5/8/2020 @ 12:9:14	\N	EUR	whatever	t
1672	Книга35	https://picsum.photos/400?image=724	23.500	10	Рандом описание35	5/8/2020 @ 12:9:14	\N	EUR	whatever	t
1673	Книга36	https://picsum.photos/400?image=325	29.221	13	Рандом описание36	5/8/2020 @ 12:9:14	\N	EUR	whatever	t
1674	Книга37	https://picsum.photos/400?image=82	2.030	6	Рандом описание37	5/8/2020 @ 12:9:14	\N	EUR	whatever	t
1675	Книга38	https://picsum.photos/400?image=619	32.623	14	Рандом описание38	5/8/2020 @ 12:9:14	\N	EUR	whatever	t
1676	Книга39	https://picsum.photos/400?image=723	81.325	9	Рандом описание39	5/8/2020 @ 12:9:14	\N	EUR	whatever	t
1677	Книга40	https://picsum.photos/400?image=170	66.751	4	Рандом описание40	5/8/2020 @ 12:9:14	\N	EUR	whatever	t
1678	Книга41	https://picsum.photos/400?image=136	52.958	3	Рандом описание41	5/8/2020 @ 12:9:14	\N	EUR	whatever	t
1679	Книга42	https://picsum.photos/400?image=286	48.344	8	Рандом описание42	5/8/2020 @ 12:9:14	\N	EUR	whatever	t
1680	Книга43	https://picsum.photos/400?image=673	49.165	6	Рандом описание43	5/8/2020 @ 12:9:14	\N	EUR	whatever	t
1681	Книга44	https://picsum.photos/400?image=176	25.518	2	Рандом описание44	5/8/2020 @ 12:9:14	\N	EUR	whatever	t
1638	Книга1	https://picsum.photos/400?image=501	57.459	6	Рандом описание1	5/8/2020 @ 12:9:11	\N	EUR	whatever	t
1682	Книга45	https://picsum.photos/400?image=442	90.208	7	Рандом описание45	5/8/2020 @ 12:9:15	\N	EUR	whatever	t
1683	Книга46	https://picsum.photos/400?image=467	44.538	20	Рандом описание46	5/8/2020 @ 12:9:15	\N	EUR	whatever	t
1684	Книга47	https://picsum.photos/400?image=526	41.449	11	Рандом описание47	5/8/2020 @ 12:9:15	\N	EUR	whatever	t
1685	Книга48	https://picsum.photos/400?image=101	29.324	15	Рандом описание48	5/8/2020 @ 12:9:15	\N	EUR	whatever	t
1686	Книга49	https://picsum.photos/400?image=664	31.906	19	Рандом описание49	5/8/2020 @ 12:9:15	\N	EUR	whatever	t
1687	Книга50	https://picsum.photos/400?image=984	94.570	17	Рандом описание50	5/8/2020 @ 12:9:15	\N	EUR	whatever	t
1688	Книга51	https://picsum.photos/400?image=426	25.204	9	Рандом описание51	5/8/2020 @ 12:9:15	\N	EUR	whatever	t
1689	Книга52	https://picsum.photos/400?image=374	7.016	4	Рандом описание52	5/8/2020 @ 12:9:15	\N	EUR	whatever	t
1690	Книга53	https://picsum.photos/400?image=780	85.011	15	Рандом описание53	5/8/2020 @ 12:9:15	\N	EUR	whatever	t
1691	Книга54	https://picsum.photos/400?image=199	64.704	17	Рандом описание54	5/8/2020 @ 12:9:15	\N	EUR	whatever	t
1692	Книга55	https://picsum.photos/400?image=316	38.509	6	Рандом описание55	5/8/2020 @ 12:9:15	\N	EUR	whatever	t
1693	Книга56	https://picsum.photos/400?image=877	4.943	18	Рандом описание56	5/8/2020 @ 12:9:15	\N	EUR	whatever	t
1694	Книга57	https://picsum.photos/400?image=237	60.268	16	Рандом описание57	5/8/2020 @ 12:9:15	\N	EUR	whatever	t
1695	Книга58	https://picsum.photos/400?image=495	80.888	1	Рандом описание58	5/8/2020 @ 12:9:16	\N	EUR	whatever	t
1696	Книга59	https://picsum.photos/400?image=517	23.739	14	Рандом описание59	5/8/2020 @ 12:9:16	\N	EUR	whatever	t
1697	Книга60	https://picsum.photos/400?image=190	4.082	11	Рандом описание60	5/8/2020 @ 12:9:16	\N	EUR	whatever	t
1698	Книга61	https://picsum.photos/400?image=120	63.719	17	Рандом описание61	5/8/2020 @ 12:9:16	\N	EUR	whatever	t
1699	Книга62	https://picsum.photos/400?image=50	78.423	10	Рандом описание62	5/8/2020 @ 12:9:16	\N	EUR	whatever	t
1700	Книга63	https://picsum.photos/400?image=628	26.613	12	Рандом описание63	5/8/2020 @ 12:9:16	\N	EUR	whatever	t
1701	Книга64	https://picsum.photos/400?image=363	77.870	6	Рандом описание64	5/8/2020 @ 12:9:16	\N	EUR	whatever	t
1702	Книга65	https://picsum.photos/400?image=507	14.959	4	Рандом описание65	5/8/2020 @ 12:9:16	\N	EUR	whatever	t
1703	Книга66	https://picsum.photos/400?image=264	66.756	15	Рандом описание66	5/8/2020 @ 12:9:16	\N	EUR	whatever	t
1704	Книга67	https://picsum.photos/400?image=595	54.710	14	Рандом описание67	5/8/2020 @ 12:9:16	\N	EUR	whatever	t
1705	Книга68	https://picsum.photos/400?image=878	23.772	1	Рандом описание68	5/8/2020 @ 12:9:16	\N	EUR	whatever	t
1706	Книга69	https://picsum.photos/400?image=7	6.737	10	Рандом описание69	5/8/2020 @ 12:9:16	\N	EUR	whatever	t
1707	Книга70	https://picsum.photos/400?image=789	7.368	10	Рандом описание70	5/8/2020 @ 12:9:16	\N	EUR	whatever	t
1708	Книга71	https://picsum.photos/400?image=148	93.604	20	Рандом описание71	5/8/2020 @ 12:9:17	\N	EUR	whatever	t
1709	Книга72	https://picsum.photos/400?image=249	27.040	8	Рандом описание72	5/8/2020 @ 12:9:17	\N	EUR	whatever	t
1710	Книга73	https://picsum.photos/400?image=221	93.647	19	Рандом описание73	5/8/2020 @ 12:9:17	\N	EUR	whatever	t
1711	Книга74	https://picsum.photos/400?image=600	95.082	14	Рандом описание74	5/8/2020 @ 12:9:17	\N	EUR	whatever	t
1712	Книга75	https://picsum.photos/400?image=719	18.661	17	Рандом описание75	5/8/2020 @ 12:9:17	\N	EUR	whatever	t
1713	Книга76	https://picsum.photos/400?image=399	33.456	15	Рандом описание76	5/8/2020 @ 12:9:17	\N	EUR	whatever	t
1714	Книга77	https://picsum.photos/400?image=700	26.168	3	Рандом описание77	5/8/2020 @ 12:9:17	\N	EUR	whatever	t
1715	Книга78	https://picsum.photos/400?image=498	57.233	9	Рандом описание78	5/8/2020 @ 12:9:17	\N	EUR	whatever	t
1716	Книга79	https://picsum.photos/400?image=238	38.722	9	Рандом описание79	5/8/2020 @ 12:9:17	\N	EUR	whatever	t
1717	Книга80	https://picsum.photos/400?image=627	88.445	13	Рандом описание80	5/8/2020 @ 12:9:17	\N	EUR	whatever	t
1718	Книга81	https://picsum.photos/400?image=734	43.668	3	Рандом описание81	5/8/2020 @ 12:9:17	\N	EUR	whatever	t
1719	Книга82	https://picsum.photos/400?image=192	45.809	8	Рандом описание82	5/8/2020 @ 12:9:17	\N	EUR	whatever	t
1720	Книга83	https://picsum.photos/400?image=2	52.675	13	Рандом описание83	5/8/2020 @ 12:9:17	\N	EUR	whatever	t
1721	Книга84	https://picsum.photos/400?image=508	48.224	8	Рандом описание84	5/8/2020 @ 12:9:18	\N	EUR	whatever	t
1722	Книга85	https://picsum.photos/400?image=834	7.430	9	Рандом описание85	5/8/2020 @ 12:9:18	\N	EUR	whatever	t
1723	Книга86	https://picsum.photos/400?image=477	35.067	14	Рандом описание86	5/8/2020 @ 12:9:18	\N	EUR	whatever	t
1724	Книга87	https://picsum.photos/400?image=710	53.246	18	Рандом описание87	5/8/2020 @ 12:9:18	\N	EUR	whatever	t
1725	Книга88	https://picsum.photos/400?image=396	99.838	8	Рандом описание88	5/8/2020 @ 12:9:18	\N	EUR	whatever	t
1726	Книга89	https://picsum.photos/400?image=720	39.230	18	Рандом описание89	5/8/2020 @ 12:9:18	\N	EUR	whatever	t
1727	Книга90	https://picsum.photos/400?image=100	54.610	6	Рандом описание90	5/8/2020 @ 12:9:18	\N	EUR	whatever	t
1728	Книга91	https://picsum.photos/400?image=618	21.395	3	Рандом описание91	5/8/2020 @ 12:9:18	\N	EUR	whatever	t
1729	Книга92	https://picsum.photos/400?image=683	53.460	1	Рандом описание92	5/8/2020 @ 12:9:18	\N	EUR	whatever	t
1730	Книга93	https://picsum.photos/400?image=172	12.338	2	Рандом описание93	5/8/2020 @ 12:9:18	\N	EUR	whatever	t
1731	Книга94	https://picsum.photos/400?image=1	75.335	11	Рандом описание94	5/8/2020 @ 12:9:18	\N	EUR	whatever	t
1732	Книга95	https://picsum.photos/400?image=188	47.156	11	Рандом описание95	5/8/2020 @ 12:9:18	\N	EUR	whatever	t
1733	Книга96	https://picsum.photos/400?image=765	6.375	13	Рандом описание96	5/8/2020 @ 12:9:19	\N	EUR	whatever	t
1734	Книга97	https://picsum.photos/400?image=815	27.062	13	Рандом описание97	5/8/2020 @ 12:9:19	\N	EUR	whatever	t
1735	Книга98	https://picsum.photos/400?image=173	37.934	1	Рандом описание98	5/8/2020 @ 12:9:19	\N	EUR	whatever	t
1736	Книга99	https://picsum.photos/400?image=415	3.071	15	Рандом описание99	5/8/2020 @ 12:9:19	\N	EUR	whatever	t
1737	Книга100	https://picsum.photos/400?image=104	88.553	19	Рандом описание100	5/8/2020 @ 12:9:19	\N	EUR	whatever	t
1738	Книга101	https://picsum.photos/400?image=93	49.665	18	Рандом описание101	5/8/2020 @ 12:9:19	\N	EUR	whatever	t
1739	Книга102	https://picsum.photos/400?image=624	8.591	1	Рандом описание102	5/8/2020 @ 12:9:19	\N	EUR	whatever	t
1740	Книга103	https://picsum.photos/400?image=895	49.702	9	Рандом описание103	5/8/2020 @ 12:9:20	\N	EUR	whatever	t
1741	Книга104	https://picsum.photos/400?image=298	5.568	18	Рандом описание104	5/8/2020 @ 12:9:20	\N	EUR	whatever	t
1744	Книга107	https://picsum.photos/400?image=752	92.475	18	Рандом описание107	5/8/2020 @ 12:9:20	\N	EUR	whatever	t
1745	Книга108	https://picsum.photos/400?image=751	65.748	1	Рандом описание108	5/8/2020 @ 12:9:20	\N	EUR	whatever	t
1747	Книга110	https://picsum.photos/400?image=908	70.517	10	Рандом описание110	5/8/2020 @ 12:9:20	\N	EUR	whatever	t
1748	Книга111	https://picsum.photos/400?image=534	56.173	14	Рандом описание111	5/8/2020 @ 12:9:20	\N	EUR	whatever	t
1749	Книга112	https://picsum.photos/400?image=685	71.772	7	Рандом описание112	5/8/2020 @ 12:9:20	\N	EUR	whatever	t
1750	Книга113	https://picsum.photos/400?image=838	8.574	19	Рандом описание113	5/8/2020 @ 12:9:20	\N	EUR	whatever	t
1751	Книга114	https://picsum.photos/400?image=666	55.060	14	Рандом описание114	5/8/2020 @ 12:9:21	\N	EUR	whatever	t
1752	Книга115	https://picsum.photos/400?image=416	62.539	14	Рандом описание115	5/8/2020 @ 12:9:21	\N	EUR	whatever	t
1753	Книга116	https://picsum.photos/400?image=866	6.762	4	Рандом описание116	5/8/2020 @ 12:9:21	\N	EUR	whatever	t
1754	Книга117	https://picsum.photos/400?image=902	49.224	4	Рандом описание117	5/8/2020 @ 12:9:21	\N	EUR	whatever	t
1755	Книга118	https://picsum.photos/400?image=591	23.697	8	Рандом описание118	5/8/2020 @ 12:9:21	\N	EUR	whatever	t
1756	Книга119	https://picsum.photos/400?image=43	5.262	6	Рандом описание119	5/8/2020 @ 12:9:21	\N	EUR	whatever	t
1757	Книга120	https://picsum.photos/400?image=760	86.233	1	Рандом описание120	5/8/2020 @ 12:9:21	\N	EUR	whatever	t
1758	Книга121	https://picsum.photos/400?image=95	86.203	8	Рандом описание121	5/8/2020 @ 12:9:21	\N	EUR	whatever	t
1759	Книга122	https://picsum.photos/400?image=19	55.458	20	Рандом описание122	5/8/2020 @ 12:9:21	\N	EUR	whatever	t
1760	Книга123	https://picsum.photos/400?image=220	13.351	11	Рандом описание123	5/8/2020 @ 12:9:21	\N	EUR	whatever	t
1761	Книга124	https://picsum.photos/400?image=780	44.225	3	Рандом описание124	5/8/2020 @ 12:9:21	\N	EUR	whatever	t
1762	Книга125	https://picsum.photos/400?image=938	50.243	10	Рандом описание125	5/8/2020 @ 12:9:21	\N	EUR	whatever	t
1763	Книга126	https://picsum.photos/400?image=346	5.820	7	Рандом описание126	5/8/2020 @ 12:9:21	\N	EUR	whatever	t
1764	Книга127	https://picsum.photos/400?image=977	57.898	11	Рандом описание127	5/8/2020 @ 12:9:21	\N	EUR	whatever	t
1765	Книга128	https://picsum.photos/400?image=776	35.021	13	Рандом описание128	5/8/2020 @ 12:9:22	\N	EUR	whatever	t
1766	Книга129	https://picsum.photos/400?image=877	73.266	3	Рандом описание129	5/8/2020 @ 12:9:22	\N	EUR	whatever	t
1767	Книга130	https://picsum.photos/400?image=277	15.282	8	Рандом описание130	5/8/2020 @ 12:9:22	\N	EUR	whatever	t
1768	Книга131	https://picsum.photos/400?image=300	74.137	11	Рандом описание131	5/8/2020 @ 12:9:22	\N	EUR	whatever	t
1769	Книга132	https://picsum.photos/400?image=577	62.339	5	Рандом описание132	5/8/2020 @ 12:9:22	\N	EUR	whatever	t
1770	Книга133	https://picsum.photos/400?image=970	22.567	16	Рандом описание133	5/8/2020 @ 12:9:22	\N	EUR	whatever	t
1771	Книга134	https://picsum.photos/400?image=793	31.416	4	Рандом описание134	5/8/2020 @ 12:9:22	\N	EUR	whatever	t
1746	Книга109	https://picsum.photos/400?image=358	61.160	7	Рандом описание109	5/8/2020 @ 12:9:20	\N	EUR	whatever	t
1772	Книга135	https://picsum.photos/400?image=251	58.174	14	Рандом описание135	5/8/2020 @ 12:9:22	\N	EUR	whatever	t
1773	Книга136	https://picsum.photos/400?image=714	58.868	16	Рандом описание136	5/8/2020 @ 12:9:22	\N	EUR	whatever	t
1774	Книга137	https://picsum.photos/400?image=220	97.965	3	Рандом описание137	5/8/2020 @ 12:9:22	\N	EUR	whatever	t
1775	Книга138	https://picsum.photos/400?image=327	71.819	15	Рандом описание138	5/8/2020 @ 12:9:22	\N	EUR	whatever	t
1776	Книга139	https://picsum.photos/400?image=24	52.107	5	Рандом описание139	5/8/2020 @ 12:9:22	\N	EUR	whatever	t
1777	Книга140	https://picsum.photos/400?image=108	27.535	8	Рандом описание140	5/8/2020 @ 12:9:22	\N	EUR	whatever	t
1778	Книга141	https://picsum.photos/400?image=878	94.987	1	Рандом описание141	5/8/2020 @ 12:9:23	\N	EUR	whatever	t
1779	Книга142	https://picsum.photos/400?image=796	37.949	20	Рандом описание142	5/8/2020 @ 12:9:23	\N	EUR	whatever	t
1780	Книга143	https://picsum.photos/400?image=276	65.811	11	Рандом описание143	5/8/2020 @ 12:9:23	\N	EUR	whatever	t
1781	Книга144	https://picsum.photos/400?image=126	96.608	2	Рандом описание144	5/8/2020 @ 12:9:23	\N	EUR	whatever	t
1782	Книга145	https://picsum.photos/400?image=338	21.590	4	Рандом описание145	5/8/2020 @ 12:9:23	\N	EUR	whatever	t
1783	Книга146	https://picsum.photos/400?image=156	40.644	2	Рандом описание146	5/8/2020 @ 12:9:23	\N	EUR	whatever	t
1784	Книга147	https://picsum.photos/400?image=390	89.826	15	Рандом описание147	5/8/2020 @ 12:9:23	\N	EUR	whatever	t
1785	Книга148	https://picsum.photos/400?image=364	37.649	17	Рандом описание148	5/8/2020 @ 12:9:23	\N	EUR	whatever	t
1786	Книга149	https://picsum.photos/400?image=67	39.028	6	Рандом описание149	5/8/2020 @ 12:9:23	\N	EUR	whatever	t
1787	Книга150	https://picsum.photos/400?image=553	99.369	8	Рандом описание150	5/8/2020 @ 12:9:23	\N	EUR	whatever	t
1788	Книга151	https://picsum.photos/400?image=608	75.766	4	Рандом описание151	5/8/2020 @ 12:9:23	\N	EUR	whatever	t
1789	Книга152	https://picsum.photos/400?image=714	97.823	16	Рандом описание152	5/8/2020 @ 12:9:23	\N	EUR	whatever	t
1790	Книга153	https://picsum.photos/400?image=404	43.654	1	Рандом описание153	5/8/2020 @ 12:9:24	\N	EUR	whatever	t
1791	Книга154	https://picsum.photos/400?image=378	50.244	6	Рандом описание154	5/8/2020 @ 12:9:24	\N	EUR	whatever	t
1792	Книга155	https://picsum.photos/400?image=889	2.584	5	Рандом описание155	5/8/2020 @ 12:9:24	\N	EUR	whatever	t
1793	Книга156	https://picsum.photos/400?image=919	14.713	10	Рандом описание156	5/8/2020 @ 12:9:24	\N	EUR	whatever	t
1794	Книга157	https://picsum.photos/400?image=85	82.111	20	Рандом описание157	5/8/2020 @ 12:9:24	\N	EUR	whatever	t
1795	Книга158	https://picsum.photos/400?image=823	56.140	13	Рандом описание158	5/8/2020 @ 12:9:24	\N	EUR	whatever	t
1796	Книга159	https://picsum.photos/400?image=374	53.598	20	Рандом описание159	5/8/2020 @ 12:9:24	\N	EUR	whatever	t
1797	Книга160	https://picsum.photos/400?image=130	22.242	13	Рандом описание160	5/8/2020 @ 12:9:24	\N	EUR	whatever	t
1798	Книга161	https://picsum.photos/400?image=972	78.770	13	Рандом описание161	5/8/2020 @ 12:9:24	\N	EUR	whatever	t
1799	Книга162	https://picsum.photos/400?image=856	77.013	13	Рандом описание162	5/8/2020 @ 12:9:24	\N	EUR	whatever	t
1800	Книга163	https://picsum.photos/400?image=989	97.600	16	Рандом описание163	5/8/2020 @ 12:9:24	\N	EUR	whatever	t
1801	Книга164	https://picsum.photos/400?image=12	22.486	17	Рандом описание164	5/8/2020 @ 12:9:24	\N	EUR	whatever	t
1802	Книга165	https://picsum.photos/400?image=454	49.710	19	Рандом описание165	5/8/2020 @ 12:9:25	\N	EUR	whatever	t
1803	Книга166	https://picsum.photos/400?image=269	89.822	13	Рандом описание166	5/8/2020 @ 12:9:25	\N	EUR	whatever	t
1804	Книга167	https://picsum.photos/400?image=307	47.921	7	Рандом описание167	5/8/2020 @ 12:9:25	\N	EUR	whatever	t
1805	Книга168	https://picsum.photos/400?image=566	74.857	12	Рандом описание168	5/8/2020 @ 12:9:25	\N	EUR	whatever	t
1806	Книга169	https://picsum.photos/400?image=733	52.190	7	Рандом описание169	5/8/2020 @ 12:9:25	\N	EUR	whatever	t
1807	Книга170	https://picsum.photos/400?image=633	40.374	10	Рандом описание170	5/8/2020 @ 12:9:25	\N	EUR	whatever	t
1808	Книга171	https://picsum.photos/400?image=203	26.842	10	Рандом описание171	5/8/2020 @ 12:9:25	\N	EUR	whatever	t
1809	Книга172	https://picsum.photos/400?image=597	97.855	2	Рандом описание172	5/8/2020 @ 12:9:25	\N	EUR	whatever	t
1810	Книга173	https://picsum.photos/400?image=122	71.428	20	Рандом описание173	5/8/2020 @ 12:9:25	\N	EUR	whatever	t
1811	Книга174	https://picsum.photos/400?image=936	63.330	13	Рандом описание174	5/8/2020 @ 12:9:25	\N	EUR	whatever	t
1812	Книга175	https://picsum.photos/400?image=664	41.822	2	Рандом описание175	5/8/2020 @ 12:9:25	\N	EUR	whatever	t
1813	Книга176	https://picsum.photos/400?image=628	39.100	19	Рандом описание176	5/8/2020 @ 12:9:25	\N	EUR	whatever	t
1814	Книга177	https://picsum.photos/400?image=119	72.042	12	Рандом описание177	5/8/2020 @ 12:9:25	\N	EUR	whatever	t
1815	Книга178	https://picsum.photos/400?image=438	39.157	14	Рандом описание178	5/8/2020 @ 12:9:25	\N	EUR	whatever	t
1816	Книга179	https://picsum.photos/400?image=857	17.202	1	Рандом описание179	5/8/2020 @ 12:9:26	\N	EUR	whatever	t
1817	Книга180	https://picsum.photos/400?image=273	90.385	18	Рандом описание180	5/8/2020 @ 12:9:26	\N	EUR	whatever	t
1818	Книга181	https://picsum.photos/400?image=933	15.104	13	Рандом описание181	5/8/2020 @ 12:9:26	\N	EUR	whatever	t
1819	Книга182	https://picsum.photos/400?image=817	17.364	16	Рандом описание182	5/8/2020 @ 12:9:26	\N	EUR	whatever	t
1820	Книга183	https://picsum.photos/400?image=561	2.662	6	Рандом описание183	5/8/2020 @ 12:9:26	\N	EUR	whatever	t
1821	Книга184	https://picsum.photos/400?image=716	33.639	17	Рандом описание184	5/8/2020 @ 12:9:26	\N	EUR	whatever	t
1822	Книга185	https://picsum.photos/400?image=732	71.193	13	Рандом описание185	5/8/2020 @ 12:9:26	\N	EUR	whatever	t
1823	Книга186	https://picsum.photos/400?image=858	22.301	15	Рандом описание186	5/8/2020 @ 12:9:26	\N	EUR	whatever	t
1824	Книга187	https://picsum.photos/400?image=809	36.945	2	Рандом описание187	5/8/2020 @ 12:9:26	\N	EUR	whatever	t
1825	Книга188	https://picsum.photos/400?image=389	9.564	11	Рандом описание188	5/8/2020 @ 12:9:26	\N	EUR	whatever	t
1826	Книга189	https://picsum.photos/400?image=971	23.344	8	Рандом описание189	5/8/2020 @ 12:9:26	\N	EUR	whatever	t
1827	Книга190	https://picsum.photos/400?image=105	28.399	17	Рандом описание190	5/8/2020 @ 12:9:26	\N	EUR	whatever	t
1828	Книга191	https://picsum.photos/400?image=117	83.336	3	Рандом описание191	5/8/2020 @ 12:9:26	\N	EUR	whatever	t
1829	Книга192	https://picsum.photos/400?image=189	9.023	13	Рандом описание192	5/8/2020 @ 12:9:27	\N	EUR	whatever	t
1830	Книга193	https://picsum.photos/400?image=117	31.011	11	Рандом описание193	5/8/2020 @ 12:9:27	\N	EUR	whatever	t
1831	Книга194	https://picsum.photos/400?image=319	95.380	7	Рандом описание194	5/8/2020 @ 12:9:27	\N	EUR	whatever	t
1832	Книга195	https://picsum.photos/400?image=770	6.864	10	Рандом описание195	5/8/2020 @ 12:9:27	\N	EUR	whatever	t
1833	Книга196	https://picsum.photos/400?image=552	22.456	16	Рандом описание196	5/8/2020 @ 12:9:27	\N	EUR	whatever	t
1834	Книга197	https://picsum.photos/400?image=149	89.780	19	Рандом описание197	5/8/2020 @ 12:9:27	\N	EUR	whatever	t
1835	Книга198	https://picsum.photos/400?image=98	34.693	9	Рандом описание198	5/8/2020 @ 12:9:27	\N	EUR	whatever	t
1836	Книга199	https://picsum.photos/400?image=987	12.109	12	Рандом описание199	5/8/2020 @ 12:9:27	\N	EUR	whatever	t
1837	Книга200	https://picsum.photos/400?image=937	88.505	8	Рандом описание200	5/8/2020 @ 12:9:27	\N	EUR	whatever	t
1838	Книга201	https://picsum.photos/400?image=781	41.392	2	Рандом описание201	5/8/2020 @ 12:9:27	\N	EUR	whatever	t
1839	Книга202	https://picsum.photos/400?image=402	86.807	11	Рандом описание202	5/8/2020 @ 12:9:27	\N	EUR	whatever	t
1840	Книга203	https://picsum.photos/400?image=724	32.891	13	Рандом описание203	5/8/2020 @ 12:9:27	\N	EUR	whatever	t
1841	Книга204	https://picsum.photos/400?image=268	68.078	14	Рандом описание204	5/8/2020 @ 12:9:27	\N	EUR	whatever	t
1842	Книга205	https://picsum.photos/400?image=395	42.798	8	Рандом описание205	5/8/2020 @ 12:9:27	\N	EUR	whatever	t
1843	Книга206	https://picsum.photos/400?image=314	33.587	20	Рандом описание206	5/8/2020 @ 12:9:27	\N	EUR	whatever	t
1844	Книга207	https://picsum.photos/400?image=420	26.529	1	Рандом описание207	5/8/2020 @ 12:9:28	\N	EUR	whatever	t
1845	Книга208	https://picsum.photos/400?image=798	79.549	12	Рандом описание208	5/8/2020 @ 12:9:28	\N	EUR	whatever	t
1846	Книга209	https://picsum.photos/400?image=9	24.739	3	Рандом описание209	5/8/2020 @ 12:9:28	\N	EUR	whatever	t
1847	Книга210	https://picsum.photos/400?image=694	5.695	1	Рандом описание210	5/8/2020 @ 12:9:28	\N	EUR	whatever	t
1848	Книга211	https://picsum.photos/400?image=619	86.897	11	Рандом описание211	5/8/2020 @ 12:9:28	\N	EUR	whatever	t
1849	Книга212	https://picsum.photos/400?image=215	34.909	10	Рандом описание212	5/8/2020 @ 12:9:28	\N	EUR	whatever	t
1850	Книга213	https://picsum.photos/400?image=427	10.095	6	Рандом описание213	5/8/2020 @ 12:9:28	\N	EUR	whatever	t
1851	Книга214	https://picsum.photos/400?image=802	45.224	8	Рандом описание214	5/8/2020 @ 12:9:28	\N	EUR	whatever	t
1852	Книга215	https://picsum.photos/400?image=306	12.992	11	Рандом описание215	5/8/2020 @ 12:9:28	\N	EUR	whatever	t
1853	Книга216	https://picsum.photos/400?image=812	27.456	8	Рандом описание216	5/8/2020 @ 12:9:28	\N	EUR	whatever	t
1854	Книга217	https://picsum.photos/400?image=109	22.433	17	Рандом описание217	5/8/2020 @ 12:9:28	\N	EUR	whatever	t
1855	Книга218	https://picsum.photos/400?image=657	25.632	5	Рандом описание218	5/8/2020 @ 12:9:29	\N	EUR	whatever	t
1856	Книга219	https://picsum.photos/400?image=611	82.889	5	Рандом описание219	5/8/2020 @ 12:9:29	\N	EUR	whatever	t
1857	Книга220	https://picsum.photos/400?image=220	7.313	20	Рандом описание220	5/8/2020 @ 12:9:29	\N	EUR	whatever	t
1858	Книга221	https://picsum.photos/400?image=982	22.062	16	Рандом описание221	5/8/2020 @ 12:9:29	\N	EUR	whatever	t
1859	Книга222	https://picsum.photos/400?image=444	12.630	17	Рандом описание222	5/8/2020 @ 12:9:29	\N	EUR	whatever	t
1860	Книга223	https://picsum.photos/400?image=815	10.221	4	Рандом описание223	5/8/2020 @ 12:9:29	\N	EUR	whatever	t
1861	Книга224	https://picsum.photos/400?image=862	69.941	16	Рандом описание224	5/8/2020 @ 12:9:29	\N	EUR	whatever	t
1862	Книга225	https://picsum.photos/400?image=710	69.857	20	Рандом описание225	5/8/2020 @ 12:9:29	\N	EUR	whatever	t
1863	Книга226	https://picsum.photos/400?image=498	48.652	19	Рандом описание226	5/8/2020 @ 12:9:29	\N	EUR	whatever	t
1864	Книга227	https://picsum.photos/400?image=123	59.121	16	Рандом описание227	5/8/2020 @ 12:9:29	\N	EUR	whatever	t
1865	Книга228	https://picsum.photos/400?image=58	43.776	8	Рандом описание228	5/8/2020 @ 12:9:29	\N	EUR	whatever	t
1866	Книга229	https://picsum.photos/400?image=575	37.981	7	Рандом описание229	5/8/2020 @ 12:9:29	\N	EUR	whatever	t
1867	Книга230	https://picsum.photos/400?image=706	13.175	7	Рандом описание230	5/8/2020 @ 12:9:29	\N	EUR	whatever	t
1868	Книга231	https://picsum.photos/400?image=15	89.931	19	Рандом описание231	5/8/2020 @ 12:9:29	\N	EUR	whatever	t
1869	Книга232	https://picsum.photos/400?image=436	75.734	8	Рандом описание232	5/8/2020 @ 12:9:30	\N	EUR	whatever	t
1870	Книга233	https://picsum.photos/400?image=719	92.602	20	Рандом описание233	5/8/2020 @ 12:9:30	\N	EUR	whatever	t
1871	Книга234	https://picsum.photos/400?image=293	40.733	7	Рандом описание234	5/8/2020 @ 12:9:30	\N	EUR	whatever	t
1872	Книга235	https://picsum.photos/400?image=630	18.101	9	Рандом описание235	5/8/2020 @ 12:9:30	\N	EUR	whatever	t
1873	Книга236	https://picsum.photos/400?image=344	57.421	11	Рандом описание236	5/8/2020 @ 12:9:30	\N	EUR	whatever	t
1874	Книга237	https://picsum.photos/400?image=258	81.660	2	Рандом описание237	5/8/2020 @ 12:9:30	\N	EUR	whatever	t
1875	Книга238	https://picsum.photos/400?image=826	88.875	14	Рандом описание238	5/8/2020 @ 12:9:30	\N	EUR	whatever	t
1876	Книга239	https://picsum.photos/400?image=999	22.968	20	Рандом описание239	5/8/2020 @ 12:9:30	\N	EUR	whatever	t
1877	Книга240	https://picsum.photos/400?image=384	69.051	12	Рандом описание240	5/8/2020 @ 12:9:30	\N	EUR	whatever	t
1878	Книга241	https://picsum.photos/400?image=126	87.682	2	Рандом описание241	5/8/2020 @ 12:9:30	\N	EUR	whatever	t
1879	Книга242	https://picsum.photos/400?image=792	39.311	10	Рандом описание242	5/8/2020 @ 12:9:30	\N	EUR	whatever	t
1880	Книга243	https://picsum.photos/400?image=377	86.254	9	Рандом описание243	5/8/2020 @ 12:9:31	\N	EUR	whatever	t
1881	Книга244	https://picsum.photos/400?image=773	11.423	2	Рандом описание244	5/8/2020 @ 12:9:31	\N	EUR	whatever	t
1882	Книга245	https://picsum.photos/400?image=443	45.463	13	Рандом описание245	5/8/2020 @ 12:9:31	\N	EUR	whatever	t
1883	Книга246	https://picsum.photos/400?image=944	37.818	7	Рандом описание246	5/8/2020 @ 12:9:31	\N	EUR	whatever	t
1884	Книга247	https://picsum.photos/400?image=546	67.863	17	Рандом описание247	5/8/2020 @ 12:9:31	\N	EUR	whatever	t
1885	Книга248	https://picsum.photos/400?image=975	53.801	17	Рандом описание248	5/8/2020 @ 12:9:31	\N	EUR	whatever	t
1886	Книга249	https://picsum.photos/400?image=593	30.969	2	Рандом описание249	5/8/2020 @ 12:9:31	\N	EUR	whatever	t
1887	Книга250	https://picsum.photos/400?image=229	25.492	11	Рандом описание250	5/8/2020 @ 12:9:31	\N	EUR	whatever	t
1888	Книга251	https://picsum.photos/400?image=188	39.531	7	Рандом описание251	5/8/2020 @ 12:9:31	\N	EUR	whatever	t
1889	Книга252	https://picsum.photos/400?image=115	71.193	20	Рандом описание252	5/8/2020 @ 12:9:31	\N	EUR	whatever	t
1890	Книга253	https://picsum.photos/400?image=363	76.427	2	Рандом описание253	5/8/2020 @ 12:9:31	\N	EUR	whatever	t
1891	Книга254	https://picsum.photos/400?image=326	81.499	13	Рандом описание254	5/8/2020 @ 12:9:31	\N	EUR	whatever	t
1892	Книга255	https://picsum.photos/400?image=37	46.844	13	Рандом описание255	5/8/2020 @ 12:9:31	\N	EUR	whatever	t
1893	Книга256	https://picsum.photos/400?image=781	66.499	19	Рандом описание256	5/8/2020 @ 12:9:32	\N	EUR	whatever	t
1894	Книга257	https://picsum.photos/400?image=144	38.467	9	Рандом описание257	5/8/2020 @ 12:9:32	\N	EUR	whatever	t
1895	Книга258	https://picsum.photos/400?image=628	47.853	10	Рандом описание258	5/8/2020 @ 12:9:32	\N	EUR	whatever	t
1896	Книга259	https://picsum.photos/400?image=799	68.345	4	Рандом описание259	5/8/2020 @ 12:9:32	\N	EUR	whatever	t
1897	Книга260	https://picsum.photos/400?image=893	38.481	2	Рандом описание260	5/8/2020 @ 12:9:32	\N	EUR	whatever	t
1898	Книга261	https://picsum.photos/400?image=654	38.292	6	Рандом описание261	5/8/2020 @ 12:9:32	\N	EUR	whatever	t
1899	Книга262	https://picsum.photos/400?image=528	13.345	19	Рандом описание262	5/8/2020 @ 12:9:32	\N	EUR	whatever	t
1900	Книга263	https://picsum.photos/400?image=93	73.746	5	Рандом описание263	5/8/2020 @ 12:9:32	\N	EUR	whatever	t
1901	Книга264	https://picsum.photos/400?image=865	99.737	18	Рандом описание264	5/8/2020 @ 12:9:32	\N	EUR	whatever	t
1902	Книга265	https://picsum.photos/400?image=957	16.530	1	Рандом описание265	5/8/2020 @ 12:9:32	\N	EUR	whatever	t
1903	Книга266	https://picsum.photos/400?image=440	61.121	5	Рандом описание266	5/8/2020 @ 12:9:32	\N	EUR	whatever	t
1904	Книга267	https://picsum.photos/400?image=947	33.800	13	Рандом описание267	5/8/2020 @ 12:9:32	\N	EUR	whatever	t
1905	Книга268	https://picsum.photos/400?image=69	92.418	16	Рандом описание268	5/8/2020 @ 12:9:32	\N	EUR	whatever	t
1906	Книга269	https://picsum.photos/400?image=832	69.424	12	Рандом описание269	5/8/2020 @ 12:9:33	\N	EUR	whatever	t
1907	Книга270	https://picsum.photos/400?image=411	15.582	9	Рандом описание270	5/8/2020 @ 12:9:33	\N	EUR	whatever	t
1908	Книга271	https://picsum.photos/400?image=102	14.204	20	Рандом описание271	5/8/2020 @ 12:9:33	\N	EUR	whatever	t
1909	Книга272	https://picsum.photos/400?image=69	15.227	19	Рандом описание272	5/8/2020 @ 12:9:33	\N	EUR	whatever	t
1910	Книга273	https://picsum.photos/400?image=266	28.830	16	Рандом описание273	5/8/2020 @ 12:9:33	\N	EUR	whatever	t
1911	Книга274	https://picsum.photos/400?image=880	25.220	5	Рандом описание274	5/8/2020 @ 12:9:33	\N	EUR	whatever	t
1912	Книга275	https://picsum.photos/400?image=525	5.347	6	Рандом описание275	5/8/2020 @ 12:9:33	\N	EUR	whatever	t
1913	Книга276	https://picsum.photos/400?image=535	48.880	16	Рандом описание276	5/8/2020 @ 12:9:33	\N	EUR	whatever	t
1914	Книга277	https://picsum.photos/400?image=155	26.273	20	Рандом описание277	5/8/2020 @ 12:9:33	\N	EUR	whatever	t
1915	Книга278	https://picsum.photos/400?image=47	14.059	16	Рандом описание278	5/8/2020 @ 12:9:33	\N	EUR	whatever	t
1916	Книга279	https://picsum.photos/400?image=54	85.898	20	Рандом описание279	5/8/2020 @ 12:9:33	\N	EUR	whatever	t
1917	Книга280	https://picsum.photos/400?image=828	23.400	1	Рандом описание280	5/8/2020 @ 12:9:33	\N	EUR	whatever	t
1918	Книга281	https://picsum.photos/400?image=456	56.741	14	Рандом описание281	5/8/2020 @ 12:9:33	\N	EUR	whatever	t
1919	Книга282	https://picsum.photos/400?image=334	60.962	18	Рандом описание282	5/8/2020 @ 12:9:33	\N	EUR	whatever	t
1920	Книга283	https://picsum.photos/400?image=778	48.610	2	Рандом описание283	5/8/2020 @ 12:9:33	\N	EUR	whatever	t
1921	Книга284	https://picsum.photos/400?image=292	8.062	2	Рандом описание284	5/8/2020 @ 12:9:33	\N	EUR	whatever	t
1922	Книга285	https://picsum.photos/400?image=541	39.726	20	Рандом описание285	5/8/2020 @ 12:9:33	\N	EUR	whatever	t
1923	Книга286	https://picsum.photos/400?image=55	58.480	11	Рандом описание286	5/8/2020 @ 12:9:33	\N	EUR	whatever	t
1924	Книга287	https://picsum.photos/400?image=53	68.227	4	Рандом описание287	5/8/2020 @ 12:9:34	\N	EUR	whatever	t
1925	Книга288	https://picsum.photos/400?image=293	74.278	8	Рандом описание288	5/8/2020 @ 12:9:34	\N	EUR	whatever	t
1926	Книга289	https://picsum.photos/400?image=707	56.404	16	Рандом описание289	5/8/2020 @ 12:9:34	\N	EUR	whatever	t
1927	Книга290	https://picsum.photos/400?image=149	58.533	19	Рандом описание290	5/8/2020 @ 12:9:34	\N	EUR	whatever	t
1928	Книга291	https://picsum.photos/400?image=320	19.577	18	Рандом описание291	5/8/2020 @ 12:9:34	\N	EUR	whatever	t
1929	Книга292	https://picsum.photos/400?image=395	42.094	20	Рандом описание292	5/8/2020 @ 12:9:34	\N	EUR	whatever	t
1930	Книга293	https://picsum.photos/400?image=215	15.590	12	Рандом описание293	5/8/2020 @ 12:9:34	\N	EUR	whatever	t
1931	Книга294	https://picsum.photos/400?image=387	97.388	20	Рандом описание294	5/8/2020 @ 12:9:34	\N	EUR	whatever	t
1932	Книга295	https://picsum.photos/400?image=428	29.953	11	Рандом описание295	5/8/2020 @ 12:9:34	\N	EUR	whatever	t
1933	Книга296	https://picsum.photos/400?image=17	41.502	12	Рандом описание296	5/8/2020 @ 12:9:34	\N	EUR	whatever	t
1934	Книга297	https://picsum.photos/400?image=815	55.726	9	Рандом описание297	5/8/2020 @ 12:9:34	\N	EUR	whatever	t
1935	Книга298	https://picsum.photos/400?image=894	54.642	20	Рандом описание298	5/8/2020 @ 12:9:34	\N	EUR	whatever	t
1936	Книга299	https://picsum.photos/400?image=676	64.696	13	Рандом описание299	5/8/2020 @ 12:9:35	\N	EUR	whatever	t
1937	Книга300	https://picsum.photos/400?image=358	42.698	20	Рандом описание300	5/8/2020 @ 12:9:35	\N	EUR	whatever	t
1938	Книга301	https://picsum.photos/400?image=577	37.877	1	Рандом описание301	5/8/2020 @ 12:9:35	\N	EUR	whatever	t
1939	Книга302	https://picsum.photos/400?image=337	50.607	15	Рандом описание302	5/8/2020 @ 12:9:35	\N	EUR	whatever	t
1940	Книга303	https://picsum.photos/400?image=973	44.987	14	Рандом описание303	5/8/2020 @ 12:9:35	\N	EUR	whatever	t
1941	Книга304	https://picsum.photos/400?image=197	59.176	10	Рандом описание304	5/8/2020 @ 12:9:35	\N	EUR	whatever	t
1942	Книга305	https://picsum.photos/400?image=586	5.014	10	Рандом описание305	5/8/2020 @ 12:9:35	\N	EUR	whatever	t
1943	Книга306	https://picsum.photos/400?image=886	89.480	7	Рандом описание306	5/8/2020 @ 12:9:35	\N	EUR	whatever	t
1944	Книга307	https://picsum.photos/400?image=608	81.816	14	Рандом описание307	5/8/2020 @ 12:9:35	\N	EUR	whatever	t
1945	Книга308	https://picsum.photos/400?image=462	98.218	3	Рандом описание308	5/8/2020 @ 12:9:35	\N	EUR	whatever	t
1946	Книга309	https://picsum.photos/400?image=947	78.292	20	Рандом описание309	5/8/2020 @ 12:9:36	\N	EUR	whatever	t
1947	Книга310	https://picsum.photos/400?image=401	43.305	2	Рандом описание310	5/8/2020 @ 12:9:36	\N	EUR	whatever	t
1948	Книга311	https://picsum.photos/400?image=362	96.907	7	Рандом описание311	5/8/2020 @ 12:9:36	\N	EUR	whatever	t
1949	Книга312	https://picsum.photos/400?image=274	86.471	15	Рандом описание312	5/8/2020 @ 12:9:36	\N	EUR	whatever	t
1950	Книга313	https://picsum.photos/400?image=153	23.508	9	Рандом описание313	5/8/2020 @ 12:9:36	\N	EUR	whatever	t
1951	Книга314	https://picsum.photos/400?image=890	37.873	6	Рандом описание314	5/8/2020 @ 12:9:36	\N	EUR	whatever	t
1952	Книга315	https://picsum.photos/400?image=869	85.569	9	Рандом описание315	5/8/2020 @ 12:9:36	\N	EUR	whatever	t
1953	Книга316	https://picsum.photos/400?image=337	56.104	1	Рандом описание316	5/8/2020 @ 12:9:36	\N	EUR	whatever	t
1954	Книга317	https://picsum.photos/400?image=786	78.431	11	Рандом описание317	5/8/2020 @ 12:9:36	\N	EUR	whatever	t
1955	Книга318	https://picsum.photos/400?image=795	23.227	14	Рандом описание318	5/8/2020 @ 12:9:36	\N	EUR	whatever	t
1956	Книга319	https://picsum.photos/400?image=878	15.204	6	Рандом описание319	5/8/2020 @ 12:9:36	\N	EUR	whatever	t
1957	Книга320	https://picsum.photos/400?image=215	54.477	13	Рандом описание320	5/8/2020 @ 12:9:36	\N	EUR	whatever	t
1958	Книга321	https://picsum.photos/400?image=254	6.639	15	Рандом описание321	5/8/2020 @ 12:9:36	\N	EUR	whatever	t
1959	Книга322	https://picsum.photos/400?image=238	35.663	20	Рандом описание322	5/8/2020 @ 12:9:36	\N	EUR	whatever	t
1960	Книга323	https://picsum.photos/400?image=15	89.744	15	Рандом описание323	5/8/2020 @ 12:9:36	\N	EUR	whatever	t
1961	Книга324	https://picsum.photos/400?image=333	65.657	2	Рандом описание324	5/8/2020 @ 12:9:36	\N	EUR	whatever	t
1962	Книга325	https://picsum.photos/400?image=235	94.516	3	Рандом описание325	5/8/2020 @ 12:9:37	\N	EUR	whatever	t
1963	Книга326	https://picsum.photos/400?image=501	17.537	9	Рандом описание326	5/8/2020 @ 12:9:37	\N	EUR	whatever	t
1964	Книга327	https://picsum.photos/400?image=816	46.171	16	Рандом описание327	5/8/2020 @ 12:9:37	\N	EUR	whatever	t
1965	Книга328	https://picsum.photos/400?image=208	50.275	4	Рандом описание328	5/8/2020 @ 12:9:37	\N	EUR	whatever	t
1966	Книга329	https://picsum.photos/400?image=239	50.739	20	Рандом описание329	5/8/2020 @ 12:9:37	\N	EUR	whatever	t
1967	Книга330	https://picsum.photos/400?image=821	17.048	1	Рандом описание330	5/8/2020 @ 12:9:37	\N	EUR	whatever	t
1968	Книга331	https://picsum.photos/400?image=376	3.062	9	Рандом описание331	5/8/2020 @ 12:9:37	\N	EUR	whatever	t
1969	Книга332	https://picsum.photos/400?image=219	45.929	16	Рандом описание332	5/8/2020 @ 12:9:37	\N	EUR	whatever	t
1970	Книга333	https://picsum.photos/400?image=493	73.527	9	Рандом описание333	5/8/2020 @ 12:9:37	\N	EUR	whatever	t
1971	Книга334	https://picsum.photos/400?image=504	36.878	19	Рандом описание334	5/8/2020 @ 12:9:37	\N	EUR	whatever	t
1972	Книга335	https://picsum.photos/400?image=812	6.683	9	Рандом описание335	5/8/2020 @ 12:9:37	\N	EUR	whatever	t
1973	Книга336	https://picsum.photos/400?image=273	21.439	2	Рандом описание336	5/8/2020 @ 12:9:37	\N	EUR	whatever	t
1974	Книга337	https://picsum.photos/400?image=260	40.332	1	Рандом описание337	5/8/2020 @ 12:9:37	\N	EUR	whatever	t
1975	Книга338	https://picsum.photos/400?image=980	37.516	2	Рандом описание338	5/8/2020 @ 12:9:37	\N	EUR	whatever	t
1976	Книга339	https://picsum.photos/400?image=215	86.928	16	Рандом описание339	5/8/2020 @ 12:9:37	\N	EUR	whatever	t
1977	Книга340	https://picsum.photos/400?image=577	14.289	1	Рандом описание340	5/8/2020 @ 12:9:38	\N	EUR	whatever	t
1978	Книга341	https://picsum.photos/400?image=16	86.957	1	Рандом описание341	5/8/2020 @ 12:9:38	\N	EUR	whatever	t
1979	Книга342	https://picsum.photos/400?image=600	44.724	14	Рандом описание342	5/8/2020 @ 12:9:38	\N	EUR	whatever	t
1980	Книга343	https://picsum.photos/400?image=363	41.706	1	Рандом описание343	5/8/2020 @ 12:9:38	\N	EUR	whatever	t
1981	Книга344	https://picsum.photos/400?image=961	42.969	1	Рандом описание344	5/8/2020 @ 12:9:38	\N	EUR	whatever	t
1982	Книга345	https://picsum.photos/400?image=21	32.455	3	Рандом описание345	5/8/2020 @ 12:9:38	\N	EUR	whatever	t
1983	Книга346	https://picsum.photos/400?image=964	24.663	19	Рандом описание346	5/8/2020 @ 12:9:38	\N	EUR	whatever	t
1984	Книга347	https://picsum.photos/400?image=378	21.898	8	Рандом описание347	5/8/2020 @ 12:9:38	\N	EUR	whatever	t
1985	Книга348	https://picsum.photos/400?image=702	9.005	18	Рандом описание348	5/8/2020 @ 12:9:38	\N	EUR	whatever	t
1986	Книга349	https://picsum.photos/400?image=134	91.736	10	Рандом описание349	5/8/2020 @ 12:9:38	\N	EUR	whatever	t
1987	Книга350	https://picsum.photos/400?image=186	42.671	13	Рандом описание350	5/8/2020 @ 12:9:38	\N	EUR	whatever	t
1988	Книга351	https://picsum.photos/400?image=117	71.985	5	Рандом описание351	5/8/2020 @ 12:9:38	\N	EUR	whatever	t
1989	Книга352	https://picsum.photos/400?image=75	72.982	7	Рандом описание352	5/8/2020 @ 12:9:38	\N	EUR	whatever	t
1990	Книга353	https://picsum.photos/400?image=190	68.452	18	Рандом описание353	5/8/2020 @ 12:9:38	\N	EUR	whatever	t
1991	Книга354	https://picsum.photos/400?image=324	56.271	10	Рандом описание354	5/8/2020 @ 12:9:39	\N	EUR	whatever	t
1992	Книга355	https://picsum.photos/400?image=421	49.555	13	Рандом описание355	5/8/2020 @ 12:9:39	\N	EUR	whatever	t
1993	Книга356	https://picsum.photos/400?image=518	1.212	8	Рандом описание356	5/8/2020 @ 12:9:39	\N	EUR	whatever	t
1994	Книга357	https://picsum.photos/400?image=787	71.536	17	Рандом описание357	5/8/2020 @ 12:9:39	\N	EUR	whatever	t
1995	Книга358	https://picsum.photos/400?image=668	65.953	14	Рандом описание358	5/8/2020 @ 12:9:39	\N	EUR	whatever	t
1996	Книга359	https://picsum.photos/400?image=358	51.488	15	Рандом описание359	5/8/2020 @ 12:9:39	\N	EUR	whatever	t
1997	Книга360	https://picsum.photos/400?image=894	29.689	16	Рандом описание360	5/8/2020 @ 12:9:39	\N	EUR	whatever	t
1998	Книга361	https://picsum.photos/400?image=105	40.633	14	Рандом описание361	5/8/2020 @ 12:9:39	\N	EUR	whatever	t
1999	Книга362	https://picsum.photos/400?image=493	7.867	15	Рандом описание362	5/8/2020 @ 12:9:39	\N	EUR	whatever	t
2000	Книга363	https://picsum.photos/400?image=435	47.805	15	Рандом описание363	5/8/2020 @ 12:9:39	\N	EUR	whatever	t
2001	Книга364	https://picsum.photos/400?image=901	65.755	8	Рандом описание364	5/8/2020 @ 12:9:39	\N	EUR	whatever	t
2002	Книга365	https://picsum.photos/400?image=55	24.223	1	Рандом описание365	5/8/2020 @ 12:9:39	\N	EUR	whatever	t
2003	Книга366	https://picsum.photos/400?image=266	54.033	2	Рандом описание366	5/8/2020 @ 12:9:39	\N	EUR	whatever	t
2004	Книга367	https://picsum.photos/400?image=617	15.459	11	Рандом описание367	5/8/2020 @ 12:9:39	\N	EUR	whatever	t
2005	Книга368	https://picsum.photos/400?image=796	65.656	16	Рандом описание368	5/8/2020 @ 12:9:39	\N	EUR	whatever	t
2006	Книга369	https://picsum.photos/400?image=387	64.479	16	Рандом описание369	5/8/2020 @ 12:9:39	\N	EUR	whatever	t
2007	Книга370	https://picsum.photos/400?image=972	97.645	20	Рандом описание370	5/8/2020 @ 12:9:39	\N	EUR	whatever	t
2008	Книга371	https://picsum.photos/400?image=802	76.954	5	Рандом описание371	5/8/2020 @ 12:9:40	\N	EUR	whatever	t
2009	Книга372	https://picsum.photos/400?image=257	57.853	15	Рандом описание372	5/8/2020 @ 12:9:40	\N	EUR	whatever	t
2010	Книга373	https://picsum.photos/400?image=572	27.833	20	Рандом описание373	5/8/2020 @ 12:9:40	\N	EUR	whatever	t
2011	Книга374	https://picsum.photos/400?image=462	3.113	14	Рандом описание374	5/8/2020 @ 12:9:40	\N	EUR	whatever	t
2012	Книга375	https://picsum.photos/400?image=313	64.202	19	Рандом описание375	5/8/2020 @ 12:9:40	\N	EUR	whatever	t
2013	Книга376	https://picsum.photos/400?image=225	86.292	18	Рандом описание376	5/8/2020 @ 12:9:40	\N	EUR	whatever	t
2014	Книга377	https://picsum.photos/400?image=710	54.414	20	Рандом описание377	5/8/2020 @ 12:9:40	\N	EUR	whatever	t
2015	Книга378	https://picsum.photos/400?image=689	2.086	19	Рандом описание378	5/8/2020 @ 12:9:40	\N	EUR	whatever	t
2016	Книга379	https://picsum.photos/400?image=600	96.938	9	Рандом описание379	5/8/2020 @ 12:9:40	\N	EUR	whatever	t
2017	Книга380	https://picsum.photos/400?image=235	24.748	5	Рандом описание380	5/8/2020 @ 12:9:40	\N	EUR	whatever	t
2018	Книга381	https://picsum.photos/400?image=748	51.460	13	Рандом описание381	5/8/2020 @ 12:9:41	\N	EUR	whatever	t
2019	Книга382	https://picsum.photos/400?image=917	66.210	6	Рандом описание382	5/8/2020 @ 12:9:41	\N	EUR	whatever	t
2020	Книга383	https://picsum.photos/400?image=741	82.674	8	Рандом описание383	5/8/2020 @ 12:9:41	\N	EUR	whatever	t
2021	Книга384	https://picsum.photos/400?image=924	68.044	11	Рандом описание384	5/8/2020 @ 12:9:41	\N	EUR	whatever	t
2022	Книга385	https://picsum.photos/400?image=180	51.481	17	Рандом описание385	5/8/2020 @ 12:9:41	\N	EUR	whatever	t
2023	Книга386	https://picsum.photos/400?image=642	24.888	14	Рандом описание386	5/8/2020 @ 12:9:41	\N	EUR	whatever	t
2024	Книга387	https://picsum.photos/400?image=815	7.490	7	Рандом описание387	5/8/2020 @ 12:9:41	\N	EUR	whatever	t
2025	Книга388	https://picsum.photos/400?image=579	17.070	2	Рандом описание388	5/8/2020 @ 12:9:41	\N	EUR	whatever	t
2026	Книга389	https://picsum.photos/400?image=495	94.774	17	Рандом описание389	5/8/2020 @ 12:9:41	\N	EUR	whatever	t
2027	Книга390	https://picsum.photos/400?image=430	25.850	12	Рандом описание390	5/8/2020 @ 12:9:41	\N	EUR	whatever	t
2028	Книга391	https://picsum.photos/400?image=820	65.810	4	Рандом описание391	5/8/2020 @ 12:9:41	\N	EUR	whatever	t
2029	Книга392	https://picsum.photos/400?image=941	10.611	19	Рандом описание392	5/8/2020 @ 12:9:41	\N	EUR	whatever	t
2030	Книга393	https://picsum.photos/400?image=309	23.306	12	Рандом описание393	5/8/2020 @ 12:9:41	\N	EUR	whatever	t
2031	Книга394	https://picsum.photos/400?image=511	46.010	13	Рандом описание394	5/8/2020 @ 12:9:41	\N	EUR	whatever	t
2032	Книга395	https://picsum.photos/400?image=334	6.634	11	Рандом описание395	5/8/2020 @ 12:9:41	\N	EUR	whatever	t
2033	Книга396	https://picsum.photos/400?image=618	69.489	4	Рандом описание396	5/8/2020 @ 12:9:41	\N	EUR	whatever	t
2034	Книга397	https://picsum.photos/400?image=403	31.579	8	Рандом описание397	5/8/2020 @ 12:9:41	\N	EUR	whatever	t
2035	Книга398	https://picsum.photos/400?image=591	88.972	9	Рандом описание398	5/8/2020 @ 12:9:41	\N	EUR	whatever	t
2036	Книга399	https://picsum.photos/400?image=384	49.965	2	Рандом описание399	5/8/2020 @ 12:9:42	\N	EUR	whatever	t
2037	Книга400	https://picsum.photos/400?image=592	15.669	8	Рандом описание400	5/8/2020 @ 12:9:42	\N	EUR	whatever	t
2038	Книга401	https://picsum.photos/400?image=528	63.107	11	Рандом описание401	5/8/2020 @ 12:9:42	\N	EUR	whatever	t
2039	Книга402	https://picsum.photos/400?image=568	68.771	14	Рандом описание402	5/8/2020 @ 12:9:42	\N	EUR	whatever	t
2040	Книга403	https://picsum.photos/400?image=568	20.145	12	Рандом описание403	5/8/2020 @ 12:9:42	\N	EUR	whatever	t
2041	Книга404	https://picsum.photos/400?image=63	10.657	12	Рандом описание404	5/8/2020 @ 12:9:42	\N	EUR	whatever	t
2042	Книга405	https://picsum.photos/400?image=934	77.612	11	Рандом описание405	5/8/2020 @ 12:9:42	\N	EUR	whatever	t
2043	Книга406	https://picsum.photos/400?image=15	3.799	7	Рандом описание406	5/8/2020 @ 12:9:42	\N	EUR	whatever	t
2044	Книга407	https://picsum.photos/400?image=733	31.184	20	Рандом описание407	5/8/2020 @ 12:9:42	\N	EUR	whatever	t
2045	Книга408	https://picsum.photos/400?image=20	57.828	18	Рандом описание408	5/8/2020 @ 12:9:42	\N	EUR	whatever	t
2046	Книга409	https://picsum.photos/400?image=296	34.233	17	Рандом описание409	5/8/2020 @ 12:9:42	\N	EUR	whatever	t
2047	Книга410	https://picsum.photos/400?image=18	45.172	8	Рандом описание410	5/8/2020 @ 12:9:42	\N	EUR	whatever	t
2048	Книга411	https://picsum.photos/400?image=678	5.878	15	Рандом описание411	5/8/2020 @ 12:9:42	\N	EUR	whatever	t
2049	Книга412	https://picsum.photos/400?image=626	17.940	9	Рандом описание412	5/8/2020 @ 12:9:42	\N	EUR	whatever	t
2050	Книга413	https://picsum.photos/400?image=444	27.536	14	Рандом описание413	5/8/2020 @ 12:9:42	\N	EUR	whatever	t
2051	Книга414	https://picsum.photos/400?image=991	5.682	8	Рандом описание414	5/8/2020 @ 12:9:42	\N	EUR	whatever	t
2052	Книга415	https://picsum.photos/400?image=570	86.563	5	Рандом описание415	5/8/2020 @ 12:9:43	\N	EUR	whatever	t
2053	Книга416	https://picsum.photos/400?image=911	37.681	15	Рандом описание416	5/8/2020 @ 12:9:43	\N	EUR	whatever	t
2054	Книга417	https://picsum.photos/400?image=230	93.425	4	Рандом описание417	5/8/2020 @ 12:9:43	\N	EUR	whatever	t
2055	Книга418	https://picsum.photos/400?image=363	12.089	1	Рандом описание418	5/8/2020 @ 12:9:43	\N	EUR	whatever	t
2056	Книга419	https://picsum.photos/400?image=374	57.589	1	Рандом описание419	5/8/2020 @ 12:9:43	\N	EUR	whatever	t
2057	Книга420	https://picsum.photos/400?image=407	84.714	7	Рандом описание420	5/8/2020 @ 12:9:43	\N	EUR	whatever	t
2058	Книга421	https://picsum.photos/400?image=360	68.113	3	Рандом описание421	5/8/2020 @ 12:9:43	\N	EUR	whatever	t
2059	Книга422	https://picsum.photos/400?image=314	32.296	16	Рандом описание422	5/8/2020 @ 12:9:43	\N	EUR	whatever	t
2060	Книга423	https://picsum.photos/400?image=258	14.334	10	Рандом описание423	5/8/2020 @ 12:9:43	\N	EUR	whatever	t
2061	Книга424	https://picsum.photos/400?image=635	10.519	19	Рандом описание424	5/8/2020 @ 12:9:43	\N	EUR	whatever	t
2062	Книга425	https://picsum.photos/400?image=792	11.235	1	Рандом описание425	5/8/2020 @ 12:9:43	\N	EUR	whatever	t
2063	Книга426	https://picsum.photos/400?image=160	60.915	18	Рандом описание426	5/8/2020 @ 12:9:43	\N	EUR	whatever	t
2064	Книга427	https://picsum.photos/400?image=589	34.383	12	Рандом описание427	5/8/2020 @ 12:9:44	\N	EUR	whatever	t
2065	Книга428	https://picsum.photos/400?image=622	90.936	12	Рандом описание428	5/8/2020 @ 12:9:44	\N	EUR	whatever	t
2066	Книга429	https://picsum.photos/400?image=962	58.867	6	Рандом описание429	5/8/2020 @ 12:9:44	\N	EUR	whatever	t
2067	Книга430	https://picsum.photos/400?image=204	24.791	19	Рандом описание430	5/8/2020 @ 12:9:44	\N	EUR	whatever	t
2068	Книга431	https://picsum.photos/400?image=797	72.411	18	Рандом описание431	5/8/2020 @ 12:9:44	\N	EUR	whatever	t
2069	Книга432	https://picsum.photos/400?image=904	15.540	16	Рандом описание432	5/8/2020 @ 12:9:44	\N	EUR	whatever	t
2070	Книга433	https://picsum.photos/400?image=986	93.478	12	Рандом описание433	5/8/2020 @ 12:9:44	\N	EUR	whatever	t
2071	Книга434	https://picsum.photos/400?image=706	39.349	8	Рандом описание434	5/8/2020 @ 12:9:44	\N	EUR	whatever	t
2072	Книга435	https://picsum.photos/400?image=829	44.308	14	Рандом описание435	5/8/2020 @ 12:9:44	\N	EUR	whatever	t
2073	Книга436	https://picsum.photos/400?image=218	98.163	20	Рандом описание436	5/8/2020 @ 12:9:44	\N	EUR	whatever	t
2074	Книга437	https://picsum.photos/400?image=647	53.091	15	Рандом описание437	5/8/2020 @ 12:9:45	\N	EUR	whatever	t
2075	Книга438	https://picsum.photos/400?image=449	55.296	12	Рандом описание438	5/8/2020 @ 12:9:45	\N	EUR	whatever	t
2076	Книга439	https://picsum.photos/400?image=111	46.367	10	Рандом описание439	5/8/2020 @ 12:9:45	\N	EUR	whatever	t
2077	Книга440	https://picsum.photos/400?image=687	66.590	12	Рандом описание440	5/8/2020 @ 12:9:45	\N	EUR	whatever	t
2078	Книга441	https://picsum.photos/400?image=714	94.478	2	Рандом описание441	5/8/2020 @ 12:9:45	\N	EUR	whatever	t
2079	Книга442	https://picsum.photos/400?image=390	96.169	1	Рандом описание442	5/8/2020 @ 12:9:45	\N	EUR	whatever	t
2080	Книга443	https://picsum.photos/400?image=835	31.756	7	Рандом описание443	5/8/2020 @ 12:9:45	\N	EUR	whatever	t
2081	Книга444	https://picsum.photos/400?image=544	69.561	7	Рандом описание444	5/8/2020 @ 12:9:45	\N	EUR	whatever	t
2082	Книга445	https://picsum.photos/400?image=971	4.395	14	Рандом описание445	5/8/2020 @ 12:9:45	\N	EUR	whatever	t
2083	Книга446	https://picsum.photos/400?image=725	11.971	5	Рандом описание446	5/8/2020 @ 12:9:45	\N	EUR	whatever	t
2084	Книга447	https://picsum.photos/400?image=589	48.257	3	Рандом описание447	5/8/2020 @ 12:9:45	\N	EUR	whatever	t
2085	Книга448	https://picsum.photos/400?image=156	64.925	15	Рандом описание448	5/8/2020 @ 12:9:45	\N	EUR	whatever	t
2086	Книга449	https://picsum.photos/400?image=257	23.222	9	Рандом описание449	5/8/2020 @ 12:9:45	\N	EUR	whatever	t
2087	Книга450	https://picsum.photos/400?image=123	14.572	5	Рандом описание450	5/8/2020 @ 12:9:45	\N	EUR	whatever	t
2088	Книга451	https://picsum.photos/400?image=408	36.997	15	Рандом описание451	5/8/2020 @ 12:9:45	\N	EUR	whatever	t
2089	Книга452	https://picsum.photos/400?image=848	9.553	10	Рандом описание452	5/8/2020 @ 12:9:45	\N	EUR	whatever	t
2090	Книга453	https://picsum.photos/400?image=65	8.185	12	Рандом описание453	5/8/2020 @ 12:9:45	\N	EUR	whatever	t
2091	Книга454	https://picsum.photos/400?image=216	30.794	7	Рандом описание454	5/8/2020 @ 12:9:45	\N	EUR	whatever	t
2092	Книга455	https://picsum.photos/400?image=103	82.206	1	Рандом описание455	5/8/2020 @ 12:9:46	\N	EUR	whatever	t
2093	Книга456	https://picsum.photos/400?image=678	17.182	1	Рандом описание456	5/8/2020 @ 12:9:46	\N	EUR	whatever	t
2094	Книга457	https://picsum.photos/400?image=888	49.367	10	Рандом описание457	5/8/2020 @ 12:9:46	\N	EUR	whatever	t
2095	Книга458	https://picsum.photos/400?image=336	55.781	17	Рандом описание458	5/8/2020 @ 12:9:46	\N	EUR	whatever	t
2096	Книга459	https://picsum.photos/400?image=754	26.151	16	Рандом описание459	5/8/2020 @ 12:9:46	\N	EUR	whatever	t
2097	Книга460	https://picsum.photos/400?image=795	70.179	14	Рандом описание460	5/8/2020 @ 12:9:46	\N	EUR	whatever	t
2098	Книга461	https://picsum.photos/400?image=558	3.747	1	Рандом описание461	5/8/2020 @ 12:9:46	\N	EUR	whatever	t
2099	Книга462	https://picsum.photos/400?image=560	17.841	6	Рандом описание462	5/8/2020 @ 12:9:46	\N	EUR	whatever	t
2100	Книга463	https://picsum.photos/400?image=823	51.416	18	Рандом описание463	5/8/2020 @ 12:9:46	\N	EUR	whatever	t
2101	Книга464	https://picsum.photos/400?image=440	55.220	7	Рандом описание464	5/8/2020 @ 12:9:46	\N	EUR	whatever	t
2102	Книга465	https://picsum.photos/400?image=99	4.060	13	Рандом описание465	5/8/2020 @ 12:9:46	\N	EUR	whatever	t
2103	Книга466	https://picsum.photos/400?image=228	78.644	4	Рандом описание466	5/8/2020 @ 12:9:46	\N	EUR	whatever	t
2104	Книга467	https://picsum.photos/400?image=869	51.202	12	Рандом описание467	5/8/2020 @ 12:9:46	\N	EUR	whatever	t
2105	Книга468	https://picsum.photos/400?image=847	37.821	20	Рандом описание468	5/8/2020 @ 12:9:46	\N	EUR	whatever	t
2106	Книга469	https://picsum.photos/400?image=282	97.595	16	Рандом описание469	5/8/2020 @ 12:9:47	\N	EUR	whatever	t
2107	Книга470	https://picsum.photos/400?image=458	73.503	6	Рандом описание470	5/8/2020 @ 12:9:47	\N	EUR	whatever	t
2108	Книга471	https://picsum.photos/400?image=781	24.429	18	Рандом описание471	5/8/2020 @ 12:9:47	\N	EUR	whatever	t
2109	Книга472	https://picsum.photos/400?image=117	94.336	17	Рандом описание472	5/8/2020 @ 12:9:47	\N	EUR	whatever	t
2110	Книга473	https://picsum.photos/400?image=815	21.607	5	Рандом описание473	5/8/2020 @ 12:9:47	\N	EUR	whatever	t
2111	Книга474	https://picsum.photos/400?image=218	13.254	4	Рандом описание474	5/8/2020 @ 12:9:47	\N	EUR	whatever	t
2112	Книга475	https://picsum.photos/400?image=456	60.160	14	Рандом описание475	5/8/2020 @ 12:9:47	\N	EUR	whatever	t
2113	Книга476	https://picsum.photos/400?image=394	43.770	16	Рандом описание476	5/8/2020 @ 12:9:47	\N	EUR	whatever	t
2114	Книга477	https://picsum.photos/400?image=537	89.323	9	Рандом описание477	5/8/2020 @ 12:9:47	\N	EUR	whatever	t
2115	Книга478	https://picsum.photos/400?image=818	68.531	13	Рандом описание478	5/8/2020 @ 12:9:47	\N	EUR	whatever	t
2116	Книга479	https://picsum.photos/400?image=205	99.528	9	Рандом описание479	5/8/2020 @ 12:9:47	\N	EUR	whatever	t
2117	Книга480	https://picsum.photos/400?image=637	4.263	15	Рандом описание480	5/8/2020 @ 12:9:47	\N	EUR	whatever	t
2118	Книга481	https://picsum.photos/400?image=610	52.421	19	Рандом описание481	5/8/2020 @ 12:9:47	\N	EUR	whatever	t
2119	Книга482	https://picsum.photos/400?image=492	18.703	10	Рандом описание482	5/8/2020 @ 12:9:47	\N	EUR	whatever	t
2120	Книга483	https://picsum.photos/400?image=924	26.266	5	Рандом описание483	5/8/2020 @ 12:9:47	\N	EUR	whatever	t
2121	Книга484	https://picsum.photos/400?image=306	36.542	3	Рандом описание484	5/8/2020 @ 12:9:47	\N	EUR	whatever	t
2122	Книга485	https://picsum.photos/400?image=371	55.168	1	Рандом описание485	5/8/2020 @ 12:9:47	\N	EUR	whatever	t
2123	Книга486	https://picsum.photos/400?image=16	38.725	7	Рандом описание486	5/8/2020 @ 12:9:47	\N	EUR	whatever	t
2124	Книга487	https://picsum.photos/400?image=82	83.509	18	Рандом описание487	5/8/2020 @ 12:9:48	\N	EUR	whatever	t
2125	Книга488	https://picsum.photos/400?image=797	93.176	19	Рандом описание488	5/8/2020 @ 12:9:48	\N	EUR	whatever	t
2126	Книга489	https://picsum.photos/400?image=123	17.176	13	Рандом описание489	5/8/2020 @ 12:9:48	\N	EUR	whatever	t
2127	Книга490	https://picsum.photos/400?image=220	21.642	10	Рандом описание490	5/8/2020 @ 12:9:48	\N	EUR	whatever	t
2128	Книга491	https://picsum.photos/400?image=216	98.772	7	Рандом описание491	5/8/2020 @ 12:9:48	\N	EUR	whatever	t
2129	Книга492	https://picsum.photos/400?image=205	51.951	7	Рандом описание492	5/8/2020 @ 12:9:48	\N	EUR	whatever	t
2130	Книга493	https://picsum.photos/400?image=714	22.248	14	Рандом описание493	5/8/2020 @ 12:9:48	\N	EUR	whatever	t
2131	Книга494	https://picsum.photos/400?image=470	19.459	12	Рандом описание494	5/8/2020 @ 12:9:48	\N	EUR	whatever	t
2132	Книга495	https://picsum.photos/400?image=261	79.946	6	Рандом описание495	5/8/2020 @ 12:9:48	\N	EUR	whatever	t
2133	Книга496	https://picsum.photos/400?image=89	61.757	14	Рандом описание496	5/8/2020 @ 12:9:48	\N	EUR	whatever	t
2134	Книга497	https://picsum.photos/400?image=781	38.339	16	Рандом описание497	5/8/2020 @ 12:9:48	\N	EUR	whatever	t
2135	Книга498	https://picsum.photos/400?image=808	56.315	8	Рандом описание498	5/8/2020 @ 12:9:48	\N	EUR	whatever	t
2136	Книга499	https://picsum.photos/400?image=189	50.063	15	Рандом описание499	5/8/2020 @ 12:9:48	\N	EUR	whatever	t
2137	Книга500	https://picsum.photos/400?image=283	39.164	9	Рандом описание500	5/8/2020 @ 12:9:48	\N	EUR	whatever	t
2138	Книга501	https://picsum.photos/400?image=894	72.164	14	Рандом описание501	5/8/2020 @ 12:9:48	\N	EUR	whatever	t
2139	Книга502	https://picsum.photos/400?image=14	11.934	20	Рандом описание502	5/8/2020 @ 12:9:48	\N	EUR	whatever	t
2140	Книга503	https://picsum.photos/400?image=739	19.058	13	Рандом описание503	5/8/2020 @ 12:9:48	\N	EUR	whatever	t
2141	Книга504	https://picsum.photos/400?image=500	60.457	14	Рандом описание504	5/8/2020 @ 12:9:49	\N	EUR	whatever	t
2142	Книга505	https://picsum.photos/400?image=577	46.514	11	Рандом описание505	5/8/2020 @ 12:9:49	\N	EUR	whatever	t
2143	Книга506	https://picsum.photos/400?image=702	49.629	3	Рандом описание506	5/8/2020 @ 12:9:49	\N	EUR	whatever	t
2144	Книга507	https://picsum.photos/400?image=912	56.633	20	Рандом описание507	5/8/2020 @ 12:9:49	\N	EUR	whatever	t
2145	Книга508	https://picsum.photos/400?image=247	92.428	1	Рандом описание508	5/8/2020 @ 12:9:49	\N	EUR	whatever	t
2146	Книга509	https://picsum.photos/400?image=286	19.769	4	Рандом описание509	5/8/2020 @ 12:9:49	\N	EUR	whatever	t
2147	Книга510	https://picsum.photos/400?image=458	97.760	12	Рандом описание510	5/8/2020 @ 12:9:49	\N	EUR	whatever	t
2148	Книга511	https://picsum.photos/400?image=758	7.320	20	Рандом описание511	5/8/2020 @ 12:9:49	\N	EUR	whatever	t
2149	Книга512	https://picsum.photos/400?image=218	68.513	18	Рандом описание512	5/8/2020 @ 12:9:49	\N	EUR	whatever	t
2150	Книга513	https://picsum.photos/400?image=135	85.744	2	Рандом описание513	5/8/2020 @ 12:9:49	\N	EUR	whatever	t
2151	Книга514	https://picsum.photos/400?image=119	66.784	6	Рандом описание514	5/8/2020 @ 12:9:49	\N	EUR	whatever	t
2152	Книга515	https://picsum.photos/400?image=662	99.102	8	Рандом описание515	5/8/2020 @ 12:9:49	\N	EUR	whatever	t
2153	Книга516	https://picsum.photos/400?image=819	53.270	20	Рандом описание516	5/8/2020 @ 12:9:49	\N	EUR	whatever	t
2154	Книга517	https://picsum.photos/400?image=70	85.360	5	Рандом описание517	5/8/2020 @ 12:9:49	\N	EUR	whatever	t
2155	Книга518	https://picsum.photos/400?image=71	61.352	11	Рандом описание518	5/8/2020 @ 12:9:49	\N	EUR	whatever	t
2156	Книга519	https://picsum.photos/400?image=504	56.537	16	Рандом описание519	5/8/2020 @ 12:9:49	\N	EUR	whatever	t
2157	Книга520	https://picsum.photos/400?image=554	71.904	15	Рандом описание520	5/8/2020 @ 12:9:50	\N	EUR	whatever	t
2158	Книга521	https://picsum.photos/400?image=106	36.498	1	Рандом описание521	5/8/2020 @ 12:9:50	\N	EUR	whatever	t
2159	Книга522	https://picsum.photos/400?image=81	4.442	6	Рандом описание522	5/8/2020 @ 12:9:50	\N	EUR	whatever	t
2160	Книга523	https://picsum.photos/400?image=842	98.744	3	Рандом описание523	5/8/2020 @ 12:9:50	\N	EUR	whatever	t
2161	Книга524	https://picsum.photos/400?image=276	80.397	12	Рандом описание524	5/8/2020 @ 12:9:50	\N	EUR	whatever	t
2162	Книга525	https://picsum.photos/400?image=903	9.136	13	Рандом описание525	5/8/2020 @ 12:9:50	\N	EUR	whatever	t
2163	Книга526	https://picsum.photos/400?image=559	5.542	7	Рандом описание526	5/8/2020 @ 12:9:50	\N	EUR	whatever	t
2164	Книга527	https://picsum.photos/400?image=589	60.063	9	Рандом описание527	5/8/2020 @ 12:9:50	\N	EUR	whatever	t
2165	Книга528	https://picsum.photos/400?image=990	81.681	3	Рандом описание528	5/8/2020 @ 12:9:51	\N	EUR	whatever	t
2166	Книга529	https://picsum.photos/400?image=914	15.482	17	Рандом описание529	5/8/2020 @ 12:9:51	\N	EUR	whatever	t
2167	Книга530	https://picsum.photos/400?image=248	29.979	3	Рандом описание530	5/8/2020 @ 12:9:51	\N	EUR	whatever	t
2168	Книга531	https://picsum.photos/400?image=670	60.767	10	Рандом описание531	5/8/2020 @ 12:9:51	\N	EUR	whatever	t
2169	Книга532	https://picsum.photos/400?image=909	15.238	20	Рандом описание532	5/8/2020 @ 12:9:51	\N	EUR	whatever	t
2170	Книга533	https://picsum.photos/400?image=355	10.184	14	Рандом описание533	5/8/2020 @ 12:9:51	\N	EUR	whatever	t
2171	Книга534	https://picsum.photos/400?image=85	29.078	3	Рандом описание534	5/8/2020 @ 12:9:51	\N	EUR	whatever	t
2172	Книга535	https://picsum.photos/400?image=806	42.602	8	Рандом описание535	5/8/2020 @ 12:9:51	\N	EUR	whatever	t
2173	Книга536	https://picsum.photos/400?image=529	1.538	7	Рандом описание536	5/8/2020 @ 12:9:51	\N	EUR	whatever	t
2174	Книга537	https://picsum.photos/400?image=85	4.224	9	Рандом описание537	5/8/2020 @ 12:9:51	\N	EUR	whatever	t
2175	Книга538	https://picsum.photos/400?image=448	31.989	3	Рандом описание538	5/8/2020 @ 12:9:51	\N	EUR	whatever	t
2176	Книга539	https://picsum.photos/400?image=889	87.407	7	Рандом описание539	5/8/2020 @ 12:9:51	\N	EUR	whatever	t
2177	Книга540	https://picsum.photos/400?image=568	99.903	19	Рандом описание540	5/8/2020 @ 12:9:51	\N	EUR	whatever	t
2178	Книга541	https://picsum.photos/400?image=586	23.724	18	Рандом описание541	5/8/2020 @ 12:9:51	\N	EUR	whatever	t
2179	Книга542	https://picsum.photos/400?image=48	92.159	20	Рандом описание542	5/8/2020 @ 12:9:51	\N	EUR	whatever	t
2180	Книга543	https://picsum.photos/400?image=679	27.902	4	Рандом описание543	5/8/2020 @ 12:9:51	\N	EUR	whatever	t
2181	Книга544	https://picsum.photos/400?image=101	41.493	13	Рандом описание544	5/8/2020 @ 12:9:51	\N	EUR	whatever	t
2182	Книга545	https://picsum.photos/400?image=314	99.243	3	Рандом описание545	5/8/2020 @ 12:9:52	\N	EUR	whatever	t
2183	Книга546	https://picsum.photos/400?image=82	52.652	11	Рандом описание546	5/8/2020 @ 12:9:52	\N	EUR	whatever	t
2184	Книга547	https://picsum.photos/400?image=310	64.868	12	Рандом описание547	5/8/2020 @ 12:9:52	\N	EUR	whatever	t
2185	Книга548	https://picsum.photos/400?image=872	99.952	5	Рандом описание548	5/8/2020 @ 12:9:52	\N	EUR	whatever	t
2186	Книга549	https://picsum.photos/400?image=674	74.417	20	Рандом описание549	5/8/2020 @ 12:9:52	\N	EUR	whatever	t
2187	Книга550	https://picsum.photos/400?image=177	16.291	12	Рандом описание550	5/8/2020 @ 12:9:52	\N	EUR	whatever	t
2188	Книга551	https://picsum.photos/400?image=446	33.575	3	Рандом описание551	5/8/2020 @ 12:9:52	\N	EUR	whatever	t
2189	Книга552	https://picsum.photos/400?image=934	15.824	11	Рандом описание552	5/8/2020 @ 12:9:52	\N	EUR	whatever	t
2190	Книга553	https://picsum.photos/400?image=541	47.523	1	Рандом описание553	5/8/2020 @ 12:9:52	\N	EUR	whatever	t
2191	Книга554	https://picsum.photos/400?image=846	51.167	11	Рандом описание554	5/8/2020 @ 12:9:52	\N	EUR	whatever	t
2192	Книга555	https://picsum.photos/400?image=906	82.557	20	Рандом описание555	5/8/2020 @ 12:9:52	\N	EUR	whatever	t
2193	Книга556	https://picsum.photos/400?image=64	79.975	13	Рандом описание556	5/8/2020 @ 12:9:52	\N	EUR	whatever	t
2194	Книга557	https://picsum.photos/400?image=700	93.996	20	Рандом описание557	5/8/2020 @ 12:9:52	\N	EUR	whatever	t
2195	Книга558	https://picsum.photos/400?image=278	33.954	9	Рандом описание558	5/8/2020 @ 12:9:52	\N	EUR	whatever	t
2196	Книга559	https://picsum.photos/400?image=572	62.018	10	Рандом описание559	5/8/2020 @ 12:9:52	\N	EUR	whatever	t
2197	Книга560	https://picsum.photos/400?image=464	95.764	4	Рандом описание560	5/8/2020 @ 12:9:52	\N	EUR	whatever	t
2198	Книга561	https://picsum.photos/400?image=277	98.311	9	Рандом описание561	5/8/2020 @ 12:9:52	\N	EUR	whatever	t
2199	Книга562	https://picsum.photos/400?image=922	92.476	10	Рандом описание562	5/8/2020 @ 12:9:53	\N	EUR	whatever	t
2200	Книга563	https://picsum.photos/400?image=894	90.863	18	Рандом описание563	5/8/2020 @ 12:9:53	\N	EUR	whatever	t
2201	Книга564	https://picsum.photos/400?image=113	98.860	12	Рандом описание564	5/8/2020 @ 12:9:53	\N	EUR	whatever	t
2202	Книга565	https://picsum.photos/400?image=367	42.993	18	Рандом описание565	5/8/2020 @ 12:9:53	\N	EUR	whatever	t
2203	Книга566	https://picsum.photos/400?image=541	82.149	14	Рандом описание566	5/8/2020 @ 12:9:53	\N	EUR	whatever	t
2204	Книга567	https://picsum.photos/400?image=660	48.115	8	Рандом описание567	5/8/2020 @ 12:9:53	\N	EUR	whatever	t
2205	Книга568	https://picsum.photos/400?image=362	82.673	17	Рандом описание568	5/8/2020 @ 12:9:53	\N	EUR	whatever	t
2206	Книга569	https://picsum.photos/400?image=804	99.991	19	Рандом описание569	5/8/2020 @ 12:9:53	\N	EUR	whatever	t
2207	Книга570	https://picsum.photos/400?image=741	97.822	1	Рандом описание570	5/8/2020 @ 12:9:53	\N	EUR	whatever	t
2208	Книга571	https://picsum.photos/400?image=578	63.436	2	Рандом описание571	5/8/2020 @ 12:9:53	\N	EUR	whatever	t
2209	Книга572	https://picsum.photos/400?image=648	94.650	5	Рандом описание572	5/8/2020 @ 12:9:53	\N	EUR	whatever	t
2210	Книга573	https://picsum.photos/400?image=311	15.178	15	Рандом описание573	5/8/2020 @ 12:9:53	\N	EUR	whatever	t
2211	Книга574	https://picsum.photos/400?image=644	72.623	16	Рандом описание574	5/8/2020 @ 12:9:53	\N	EUR	whatever	t
2212	Книга575	https://picsum.photos/400?image=814	83.267	14	Рандом описание575	5/8/2020 @ 12:9:53	\N	EUR	whatever	t
2213	Книга576	https://picsum.photos/400?image=241	55.555	15	Рандом описание576	5/8/2020 @ 12:9:53	\N	EUR	whatever	t
2214	Книга577	https://picsum.photos/400?image=312	48.736	1	Рандом описание577	5/8/2020 @ 12:9:53	\N	EUR	whatever	t
2215	Книга578	https://picsum.photos/400?image=660	94.679	5	Рандом описание578	5/8/2020 @ 12:9:53	\N	EUR	whatever	t
2216	Книга579	https://picsum.photos/400?image=941	48.357	9	Рандом описание579	5/8/2020 @ 12:9:53	\N	EUR	whatever	t
2217	Книга580	https://picsum.photos/400?image=297	99.400	17	Рандом описание580	5/8/2020 @ 12:9:54	\N	EUR	whatever	t
2218	Книга581	https://picsum.photos/400?image=721	73.423	11	Рандом описание581	5/8/2020 @ 12:9:54	\N	EUR	whatever	t
2219	Книга582	https://picsum.photos/400?image=365	49.759	4	Рандом описание582	5/8/2020 @ 12:9:54	\N	EUR	whatever	t
2220	Книга583	https://picsum.photos/400?image=299	89.110	20	Рандом описание583	5/8/2020 @ 12:9:54	\N	EUR	whatever	t
2221	Книга584	https://picsum.photos/400?image=519	5.115	1	Рандом описание584	5/8/2020 @ 12:9:54	\N	EUR	whatever	t
2222	Книга585	https://picsum.photos/400?image=69	62.456	1	Рандом описание585	5/8/2020 @ 12:9:54	\N	EUR	whatever	t
2223	Книга586	https://picsum.photos/400?image=694	73.716	5	Рандом описание586	5/8/2020 @ 12:9:54	\N	EUR	whatever	t
2224	Книга587	https://picsum.photos/400?image=748	11.268	3	Рандом описание587	5/8/2020 @ 12:9:54	\N	EUR	whatever	t
2225	Книга588	https://picsum.photos/400?image=500	11.986	6	Рандом описание588	5/8/2020 @ 12:9:54	\N	EUR	whatever	t
2226	Книга589	https://picsum.photos/400?image=443	16.093	18	Рандом описание589	5/8/2020 @ 12:9:54	\N	EUR	whatever	t
2227	Книга590	https://picsum.photos/400?image=807	44.325	19	Рандом описание590	5/8/2020 @ 12:9:54	\N	EUR	whatever	t
2228	Книга591	https://picsum.photos/400?image=797	93.830	8	Рандом описание591	5/8/2020 @ 12:9:54	\N	EUR	whatever	t
2229	Книга592	https://picsum.photos/400?image=678	72.762	2	Рандом описание592	5/8/2020 @ 12:9:54	\N	EUR	whatever	t
2230	Книга593	https://picsum.photos/400?image=977	6.829	12	Рандом описание593	5/8/2020 @ 12:9:54	\N	EUR	whatever	t
2231	Книга594	https://picsum.photos/400?image=821	1.862	10	Рандом описание594	5/8/2020 @ 12:9:54	\N	EUR	whatever	t
2232	Книга595	https://picsum.photos/400?image=430	45.063	15	Рандом описание595	5/8/2020 @ 12:9:54	\N	EUR	whatever	t
2233	Книга596	https://picsum.photos/400?image=434	77.398	6	Рандом описание596	5/8/2020 @ 12:9:55	\N	EUR	whatever	t
2234	Книга597	https://picsum.photos/400?image=320	93.799	1	Рандом описание597	5/8/2020 @ 12:9:55	\N	EUR	whatever	t
2235	Книга598	https://picsum.photos/400?image=322	64.014	9	Рандом описание598	5/8/2020 @ 12:9:55	\N	EUR	whatever	t
2236	Книга599	https://picsum.photos/400?image=406	93.697	5	Рандом описание599	5/8/2020 @ 12:9:55	\N	EUR	whatever	t
2237	Книга600	https://picsum.photos/400?image=147	9.334	17	Рандом описание600	5/8/2020 @ 12:9:55	\N	EUR	whatever	t
2238	Книга601	https://picsum.photos/400?image=255	18.102	17	Рандом описание601	5/8/2020 @ 12:9:55	\N	EUR	whatever	t
2239	Книга602	https://picsum.photos/400?image=730	58.599	2	Рандом описание602	5/8/2020 @ 12:9:55	\N	EUR	whatever	t
2240	Книга603	https://picsum.photos/400?image=833	62.313	5	Рандом описание603	5/8/2020 @ 12:9:55	\N	EUR	whatever	t
2241	Книга604	https://picsum.photos/400?image=771	14.149	16	Рандом описание604	5/8/2020 @ 12:9:55	\N	EUR	whatever	t
2242	Книга605	https://picsum.photos/400?image=920	40.454	8	Рандом описание605	5/8/2020 @ 12:9:55	\N	EUR	whatever	t
2243	Книга606	https://picsum.photos/400?image=40	66.360	11	Рандом описание606	5/8/2020 @ 12:9:55	\N	EUR	whatever	t
2244	Книга607	https://picsum.photos/400?image=832	74.907	18	Рандом описание607	5/8/2020 @ 12:9:55	\N	EUR	whatever	t
2245	Книга608	https://picsum.photos/400?image=198	99.481	20	Рандом описание608	5/8/2020 @ 12:9:55	\N	EUR	whatever	t
2246	Книга609	https://picsum.photos/400?image=120	23.336	10	Рандом описание609	5/8/2020 @ 12:9:55	\N	EUR	whatever	t
2247	Книга610	https://picsum.photos/400?image=804	5.443	16	Рандом описание610	5/8/2020 @ 12:9:56	\N	EUR	whatever	t
2248	Книга611	https://picsum.photos/400?image=247	18.285	7	Рандом описание611	5/8/2020 @ 12:9:56	\N	EUR	whatever	t
2249	Книга612	https://picsum.photos/400?image=797	23.235	18	Рандом описание612	5/8/2020 @ 12:9:56	\N	EUR	whatever	t
2250	Книга613	https://picsum.photos/400?image=633	2.598	5	Рандом описание613	5/8/2020 @ 12:9:56	\N	EUR	whatever	t
2251	Книга614	https://picsum.photos/400?image=382	50.194	15	Рандом описание614	5/8/2020 @ 12:9:56	\N	EUR	whatever	t
2252	Книга615	https://picsum.photos/400?image=506	80.149	7	Рандом описание615	5/8/2020 @ 12:9:56	\N	EUR	whatever	t
2253	Книга616	https://picsum.photos/400?image=795	28.589	13	Рандом описание616	5/8/2020 @ 12:9:56	\N	EUR	whatever	t
2254	Книга617	https://picsum.photos/400?image=807	47.185	18	Рандом описание617	5/8/2020 @ 12:9:56	\N	EUR	whatever	t
2255	Книга618	https://picsum.photos/400?image=486	42.156	11	Рандом описание618	5/8/2020 @ 12:9:56	\N	EUR	whatever	t
2256	Книга619	https://picsum.photos/400?image=396	86.551	19	Рандом описание619	5/8/2020 @ 12:9:56	\N	EUR	whatever	t
2257	Книга620	https://picsum.photos/400?image=728	69.298	18	Рандом описание620	5/8/2020 @ 12:9:57	\N	EUR	whatever	t
2258	Книга621	https://picsum.photos/400?image=715	99.142	7	Рандом описание621	5/8/2020 @ 12:9:57	\N	EUR	whatever	t
2259	Книга622	https://picsum.photos/400?image=57	75.790	20	Рандом описание622	5/8/2020 @ 12:9:57	\N	EUR	whatever	t
2260	Книга623	https://picsum.photos/400?image=696	12.790	4	Рандом описание623	5/8/2020 @ 12:9:57	\N	EUR	whatever	t
2261	Книга624	https://picsum.photos/400?image=240	57.786	2	Рандом описание624	5/8/2020 @ 12:9:57	\N	EUR	whatever	t
2262	Книга625	https://picsum.photos/400?image=593	93.694	4	Рандом описание625	5/8/2020 @ 12:9:57	\N	EUR	whatever	t
2263	Книга626	https://picsum.photos/400?image=167	14.759	10	Рандом описание626	5/8/2020 @ 12:9:57	\N	EUR	whatever	t
2264	Книга627	https://picsum.photos/400?image=659	32.717	18	Рандом описание627	5/8/2020 @ 12:9:57	\N	EUR	whatever	t
2265	Книга628	https://picsum.photos/400?image=951	67.704	16	Рандом описание628	5/8/2020 @ 12:9:57	\N	EUR	whatever	t
2266	Книга629	https://picsum.photos/400?image=279	25.912	15	Рандом описание629	5/8/2020 @ 12:9:57	\N	EUR	whatever	t
2267	Книга630	https://picsum.photos/400?image=489	5.353	17	Рандом описание630	5/8/2020 @ 12:9:57	\N	EUR	whatever	t
2268	Книга631	https://picsum.photos/400?image=695	38.750	1	Рандом описание631	5/8/2020 @ 12:9:57	\N	EUR	whatever	t
2269	Книга632	https://picsum.photos/400?image=205	96.181	6	Рандом описание632	5/8/2020 @ 12:9:57	\N	EUR	whatever	t
2270	Книга633	https://picsum.photos/400?image=583	89.553	9	Рандом описание633	5/8/2020 @ 12:9:57	\N	EUR	whatever	t
2271	Книга634	https://picsum.photos/400?image=727	97.404	1	Рандом описание634	5/8/2020 @ 12:9:57	\N	EUR	whatever	t
2272	Книга635	https://picsum.photos/400?image=680	46.257	14	Рандом описание635	5/8/2020 @ 12:9:57	\N	EUR	whatever	t
2273	Книга636	https://picsum.photos/400?image=817	56.658	14	Рандом описание636	5/8/2020 @ 12:9:57	\N	EUR	whatever	t
2274	Книга637	https://picsum.photos/400?image=92	62.749	15	Рандом описание637	5/8/2020 @ 12:9:58	\N	EUR	whatever	t
2275	Книга638	https://picsum.photos/400?image=421	80.105	6	Рандом описание638	5/8/2020 @ 12:9:58	\N	EUR	whatever	t
2276	Книга639	https://picsum.photos/400?image=22	23.212	4	Рандом описание639	5/8/2020 @ 12:9:58	\N	EUR	whatever	t
2277	Книга640	https://picsum.photos/400?image=855	79.939	5	Рандом описание640	5/8/2020 @ 12:9:58	\N	EUR	whatever	t
2278	Книга641	https://picsum.photos/400?image=918	63.385	3	Рандом описание641	5/8/2020 @ 12:9:58	\N	EUR	whatever	t
2279	Книга642	https://picsum.photos/400?image=733	8.824	11	Рандом описание642	5/8/2020 @ 12:9:58	\N	EUR	whatever	t
2280	Книга643	https://picsum.photos/400?image=694	55.159	17	Рандом описание643	5/8/2020 @ 12:9:58	\N	EUR	whatever	t
2281	Книга644	https://picsum.photos/400?image=729	34.063	8	Рандом описание644	5/8/2020 @ 12:9:58	\N	EUR	whatever	t
2282	Книга645	https://picsum.photos/400?image=739	81.751	12	Рандом описание645	5/8/2020 @ 12:9:58	\N	EUR	whatever	t
2283	Книга646	https://picsum.photos/400?image=530	43.558	16	Рандом описание646	5/8/2020 @ 12:9:58	\N	EUR	whatever	t
2284	Книга647	https://picsum.photos/400?image=869	44.603	7	Рандом описание647	5/8/2020 @ 12:9:58	\N	EUR	whatever	t
2285	Книга648	https://picsum.photos/400?image=398	87.503	12	Рандом описание648	5/8/2020 @ 12:9:59	\N	EUR	whatever	t
2286	Книга649	https://picsum.photos/400?image=982	31.069	16	Рандом описание649	5/8/2020 @ 12:9:59	\N	EUR	whatever	t
2287	Книга650	https://picsum.photos/400?image=641	44.579	10	Рандом описание650	5/8/2020 @ 12:9:59	\N	EUR	whatever	t
2288	Книга651	https://picsum.photos/400?image=609	65.649	16	Рандом описание651	5/8/2020 @ 12:9:59	\N	EUR	whatever	t
2289	Книга652	https://picsum.photos/400?image=70	99.176	20	Рандом описание652	5/8/2020 @ 12:9:59	\N	EUR	whatever	t
2290	Книга653	https://picsum.photos/400?image=947	18.536	14	Рандом описание653	5/8/2020 @ 12:9:59	\N	EUR	whatever	t
2291	Книга654	https://picsum.photos/400?image=503	96.198	1	Рандом описание654	5/8/2020 @ 12:9:59	\N	EUR	whatever	t
2292	Книга655	https://picsum.photos/400?image=380	94.100	7	Рандом описание655	5/8/2020 @ 12:9:59	\N	EUR	whatever	t
2293	Книга656	https://picsum.photos/400?image=712	6.373	20	Рандом описание656	5/8/2020 @ 12:9:59	\N	EUR	whatever	t
2294	Книга657	https://picsum.photos/400?image=100	99.592	16	Рандом описание657	5/8/2020 @ 12:9:59	\N	EUR	whatever	t
2295	Книга658	https://picsum.photos/400?image=900	79.866	8	Рандом описание658	5/8/2020 @ 12:9:59	\N	EUR	whatever	t
2296	Книга659	https://picsum.photos/400?image=642	30.252	4	Рандом описание659	5/8/2020 @ 12:9:59	\N	EUR	whatever	t
2297	Книга660	https://picsum.photos/400?image=149	41.144	4	Рандом описание660	5/8/2020 @ 12:9:59	\N	EUR	whatever	t
2298	Книга661	https://picsum.photos/400?image=62	61.214	6	Рандом описание661	5/8/2020 @ 12:10:0	\N	EUR	whatever	t
2299	Книга662	https://picsum.photos/400?image=378	92.176	1	Рандом описание662	5/8/2020 @ 12:10:0	\N	EUR	whatever	t
2300	Книга663	https://picsum.photos/400?image=679	69.330	15	Рандом описание663	5/8/2020 @ 12:10:0	\N	EUR	whatever	t
2301	Книга664	https://picsum.photos/400?image=652	90.923	11	Рандом описание664	5/8/2020 @ 12:10:0	\N	EUR	whatever	t
2302	Книга665	https://picsum.photos/400?image=252	51.942	13	Рандом описание665	5/8/2020 @ 12:10:0	\N	EUR	whatever	t
2303	Книга666	https://picsum.photos/400?image=48	1.458	1	Рандом описание666	5/8/2020 @ 12:10:0	\N	EUR	whatever	t
2304	Книга667	https://picsum.photos/400?image=281	53.328	17	Рандом описание667	5/8/2020 @ 12:10:0	\N	EUR	whatever	t
2305	Книга668	https://picsum.photos/400?image=720	6.842	10	Рандом описание668	5/8/2020 @ 12:10:0	\N	EUR	whatever	t
2306	Книга669	https://picsum.photos/400?image=576	93.095	16	Рандом описание669	5/8/2020 @ 12:10:0	\N	EUR	whatever	t
2307	Книга670	https://picsum.photos/400?image=788	82.418	17	Рандом описание670	5/8/2020 @ 12:10:0	\N	EUR	whatever	t
2308	Книга671	https://picsum.photos/400?image=925	77.880	15	Рандом описание671	5/8/2020 @ 12:10:0	\N	EUR	whatever	t
2309	Книга672	https://picsum.photos/400?image=479	1.954	2	Рандом описание672	5/8/2020 @ 12:10:0	\N	EUR	whatever	t
2310	Книга673	https://picsum.photos/400?image=343	61.293	17	Рандом описание673	5/8/2020 @ 12:10:0	\N	EUR	whatever	t
2311	Книга674	https://picsum.photos/400?image=892	97.048	17	Рандом описание674	5/8/2020 @ 12:10:0	\N	EUR	whatever	t
2312	Книга675	https://picsum.photos/400?image=913	35.191	5	Рандом описание675	5/8/2020 @ 12:10:0	\N	EUR	whatever	t
2313	Книга676	https://picsum.photos/400?image=293	72.979	17	Рандом описание676	5/8/2020 @ 12:10:0	\N	EUR	whatever	t
2314	Книга677	https://picsum.photos/400?image=795	17.718	6	Рандом описание677	5/8/2020 @ 12:10:0	\N	EUR	whatever	t
2315	Книга678	https://picsum.photos/400?image=534	27.505	1	Рандом описание678	5/8/2020 @ 12:10:1	\N	EUR	whatever	t
2316	Книга679	https://picsum.photos/400?image=218	88.021	19	Рандом описание679	5/8/2020 @ 12:10:1	\N	EUR	whatever	t
2317	Книга680	https://picsum.photos/400?image=361	90.986	11	Рандом описание680	5/8/2020 @ 12:10:1	\N	EUR	whatever	t
2318	Книга681	https://picsum.photos/400?image=640	74.530	10	Рандом описание681	5/8/2020 @ 12:10:1	\N	EUR	whatever	t
2319	Книга682	https://picsum.photos/400?image=860	90.900	4	Рандом описание682	5/8/2020 @ 12:10:1	\N	EUR	whatever	t
2320	Книга683	https://picsum.photos/400?image=482	85.020	3	Рандом описание683	5/8/2020 @ 12:10:1	\N	EUR	whatever	t
2321	Книга684	https://picsum.photos/400?image=38	39.590	3	Рандом описание684	5/8/2020 @ 12:10:1	\N	EUR	whatever	t
2322	Книга685	https://picsum.photos/400?image=758	97.205	9	Рандом описание685	5/8/2020 @ 12:10:1	\N	EUR	whatever	t
2323	Книга686	https://picsum.photos/400?image=315	18.432	20	Рандом описание686	5/8/2020 @ 12:10:1	\N	EUR	whatever	t
2324	Книга687	https://picsum.photos/400?image=656	96.496	20	Рандом описание687	5/8/2020 @ 12:10:1	\N	EUR	whatever	t
2325	Книга688	https://picsum.photos/400?image=879	79.346	3	Рандом описание688	5/8/2020 @ 12:10:1	\N	EUR	whatever	t
2326	Книга689	https://picsum.photos/400?image=270	29.830	7	Рандом описание689	5/8/2020 @ 12:10:1	\N	EUR	whatever	t
2327	Книга690	https://picsum.photos/400?image=310	13.544	18	Рандом описание690	5/8/2020 @ 12:10:1	\N	EUR	whatever	t
2328	Книга691	https://picsum.photos/400?image=61	7.997	19	Рандом описание691	5/8/2020 @ 12:10:1	\N	EUR	whatever	t
2329	Книга692	https://picsum.photos/400?image=845	27.562	20	Рандом описание692	5/8/2020 @ 12:10:2	\N	EUR	whatever	t
2330	Книга693	https://picsum.photos/400?image=841	75.175	4	Рандом описание693	5/8/2020 @ 12:10:2	\N	EUR	whatever	t
2331	Книга694	https://picsum.photos/400?image=764	82.465	12	Рандом описание694	5/8/2020 @ 12:10:2	\N	EUR	whatever	t
2332	Книга695	https://picsum.photos/400?image=512	23.910	11	Рандом описание695	5/8/2020 @ 12:10:2	\N	EUR	whatever	t
2333	Книга696	https://picsum.photos/400?image=985	13.331	16	Рандом описание696	5/8/2020 @ 12:10:2	\N	EUR	whatever	t
2334	Книга697	https://picsum.photos/400?image=281	87.740	7	Рандом описание697	5/8/2020 @ 12:10:2	\N	EUR	whatever	t
2335	Книга698	https://picsum.photos/400?image=648	4.635	12	Рандом описание698	5/8/2020 @ 12:10:2	\N	EUR	whatever	t
2336	Книга699	https://picsum.photos/400?image=109	96.841	2	Рандом описание699	5/8/2020 @ 12:10:2	\N	EUR	whatever	t
2337	Книга700	https://picsum.photos/400?image=506	90.613	20	Рандом описание700	5/8/2020 @ 12:10:2	\N	EUR	whatever	t
2338	Книга701	https://picsum.photos/400?image=24	29.075	16	Рандом описание701	5/8/2020 @ 12:10:2	\N	EUR	whatever	t
2339	Книга702	https://picsum.photos/400?image=743	30.014	9	Рандом описание702	5/8/2020 @ 12:10:2	\N	EUR	whatever	t
2340	Книга703	https://picsum.photos/400?image=38	99.170	11	Рандом описание703	5/8/2020 @ 12:10:2	\N	EUR	whatever	t
2341	Книга704	https://picsum.photos/400?image=389	2.832	19	Рандом описание704	5/8/2020 @ 12:10:2	\N	EUR	whatever	t
2342	Книга705	https://picsum.photos/400?image=442	31.987	1	Рандом описание705	5/8/2020 @ 12:10:2	\N	EUR	whatever	t
2343	Книга706	https://picsum.photos/400?image=761	34.954	20	Рандом описание706	5/8/2020 @ 12:10:2	\N	EUR	whatever	t
2344	Книга707	https://picsum.photos/400?image=123	73.808	14	Рандом описание707	5/8/2020 @ 12:10:2	\N	EUR	whatever	t
2345	Книга708	https://picsum.photos/400?image=895	89.253	4	Рандом описание708	5/8/2020 @ 12:10:2	\N	EUR	whatever	t
2346	Книга709	https://picsum.photos/400?image=583	59.615	8	Рандом описание709	5/8/2020 @ 12:10:3	\N	EUR	whatever	t
2347	Книга710	https://picsum.photos/400?image=123	67.247	10	Рандом описание710	5/8/2020 @ 12:10:3	\N	EUR	whatever	t
2348	Книга711	https://picsum.photos/400?image=728	97.473	2	Рандом описание711	5/8/2020 @ 12:10:3	\N	EUR	whatever	t
2349	Книга712	https://picsum.photos/400?image=438	91.370	8	Рандом описание712	5/8/2020 @ 12:10:3	\N	EUR	whatever	t
2350	Книга713	https://picsum.photos/400?image=526	12.799	10	Рандом описание713	5/8/2020 @ 12:10:3	\N	EUR	whatever	t
2351	Книга714	https://picsum.photos/400?image=727	88.171	14	Рандом описание714	5/8/2020 @ 12:10:3	\N	EUR	whatever	t
2352	Книга715	https://picsum.photos/400?image=248	82.677	15	Рандом описание715	5/8/2020 @ 12:10:3	\N	EUR	whatever	t
2353	Книга716	https://picsum.photos/400?image=140	20.854	12	Рандом описание716	5/8/2020 @ 12:10:3	\N	EUR	whatever	t
2354	Книга717	https://picsum.photos/400?image=460	26.399	18	Рандом описание717	5/8/2020 @ 12:10:3	\N	EUR	whatever	t
2355	Книга718	https://picsum.photos/400?image=972	42.447	10	Рандом описание718	5/8/2020 @ 12:10:3	\N	EUR	whatever	t
2356	Книга719	https://picsum.photos/400?image=620	68.763	15	Рандом описание719	5/8/2020 @ 12:10:3	\N	EUR	whatever	t
2357	Книга720	https://picsum.photos/400?image=129	64.832	11	Рандом описание720	5/8/2020 @ 12:10:3	\N	EUR	whatever	t
2358	Книга721	https://picsum.photos/400?image=848	13.300	8	Рандом описание721	5/8/2020 @ 12:10:3	\N	EUR	whatever	t
2359	Книга722	https://picsum.photos/400?image=271	33.069	14	Рандом описание722	5/8/2020 @ 12:10:3	\N	EUR	whatever	t
2360	Книга723	https://picsum.photos/400?image=20	40.499	17	Рандом описание723	5/8/2020 @ 12:10:3	\N	EUR	whatever	t
2361	Книга724	https://picsum.photos/400?image=353	19.598	4	Рандом описание724	5/8/2020 @ 12:10:3	\N	EUR	whatever	t
2362	Книга725	https://picsum.photos/400?image=719	51.180	4	Рандом описание725	5/8/2020 @ 12:10:3	\N	EUR	whatever	t
2363	Книга726	https://picsum.photos/400?image=257	80.194	1	Рандом описание726	5/8/2020 @ 12:10:4	\N	EUR	whatever	t
2364	Книга727	https://picsum.photos/400?image=728	50.474	1	Рандом описание727	5/8/2020 @ 12:10:4	\N	EUR	whatever	t
2365	Книга728	https://picsum.photos/400?image=914	36.304	6	Рандом описание728	5/8/2020 @ 12:10:4	\N	EUR	whatever	t
2366	Книга729	https://picsum.photos/400?image=535	13.536	5	Рандом описание729	5/8/2020 @ 12:10:4	\N	EUR	whatever	t
2367	Книга730	https://picsum.photos/400?image=58	89.600	15	Рандом описание730	5/8/2020 @ 12:10:4	\N	EUR	whatever	t
2368	Книга731	https://picsum.photos/400?image=710	30.092	4	Рандом описание731	5/8/2020 @ 12:10:4	\N	EUR	whatever	t
2369	Книга732	https://picsum.photos/400?image=162	6.980	14	Рандом описание732	5/8/2020 @ 12:10:4	\N	EUR	whatever	t
2370	Книга733	https://picsum.photos/400?image=122	41.107	18	Рандом описание733	5/8/2020 @ 12:10:4	\N	EUR	whatever	t
2371	Книга734	https://picsum.photos/400?image=948	27.509	14	Рандом описание734	5/8/2020 @ 12:10:4	\N	EUR	whatever	t
2372	Книга735	https://picsum.photos/400?image=284	73.970	19	Рандом описание735	5/8/2020 @ 12:10:4	\N	EUR	whatever	t
2373	Книга736	https://picsum.photos/400?image=208	19.460	14	Рандом описание736	5/8/2020 @ 12:10:4	\N	EUR	whatever	t
2374	Книга737	https://picsum.photos/400?image=20	92.052	7	Рандом описание737	5/8/2020 @ 12:10:4	\N	EUR	whatever	t
2375	Книга738	https://picsum.photos/400?image=976	80.894	16	Рандом описание738	5/8/2020 @ 12:10:4	\N	EUR	whatever	t
2376	Книга739	https://picsum.photos/400?image=290	51.349	13	Рандом описание739	5/8/2020 @ 12:10:4	\N	EUR	whatever	t
2377	Книга740	https://picsum.photos/400?image=567	2.028	16	Рандом описание740	5/8/2020 @ 12:10:4	\N	EUR	whatever	t
2378	Книга741	https://picsum.photos/400?image=661	37.338	14	Рандом описание741	5/8/2020 @ 12:10:4	\N	EUR	whatever	t
2379	Книга742	https://picsum.photos/400?image=692	17.634	14	Рандом описание742	5/8/2020 @ 12:10:5	\N	EUR	whatever	t
2380	Книга743	https://picsum.photos/400?image=874	46.947	15	Рандом описание743	5/8/2020 @ 12:10:5	\N	EUR	whatever	t
2381	Книга744	https://picsum.photos/400?image=149	96.462	6	Рандом описание744	5/8/2020 @ 12:10:5	\N	EUR	whatever	t
2382	Книга745	https://picsum.photos/400?image=476	42.975	15	Рандом описание745	5/8/2020 @ 12:10:5	\N	EUR	whatever	t
2383	Книга746	https://picsum.photos/400?image=326	6.594	11	Рандом описание746	5/8/2020 @ 12:10:5	\N	EUR	whatever	t
2384	Книга747	https://picsum.photos/400?image=620	8.436	8	Рандом описание747	5/8/2020 @ 12:10:5	\N	EUR	whatever	t
2385	Книга748	https://picsum.photos/400?image=573	50.553	5	Рандом описание748	5/8/2020 @ 12:10:5	\N	EUR	whatever	t
2386	Книга749	https://picsum.photos/400?image=870	86.217	3	Рандом описание749	5/8/2020 @ 12:10:5	\N	EUR	whatever	t
2387	Книга750	https://picsum.photos/400?image=87	6.980	12	Рандом описание750	5/8/2020 @ 12:10:5	\N	EUR	whatever	t
2388	Книга751	https://picsum.photos/400?image=968	37.646	5	Рандом описание751	5/8/2020 @ 12:10:5	\N	EUR	whatever	t
2389	Книга752	https://picsum.photos/400?image=459	29.318	18	Рандом описание752	5/8/2020 @ 12:10:5	\N	EUR	whatever	t
2390	Книга753	https://picsum.photos/400?image=90	93.859	4	Рандом описание753	5/8/2020 @ 12:10:5	\N	EUR	whatever	t
2391	Книга754	https://picsum.photos/400?image=326	80.382	4	Рандом описание754	5/8/2020 @ 12:10:5	\N	EUR	whatever	t
2392	Книга755	https://picsum.photos/400?image=824	10.606	9	Рандом описание755	5/8/2020 @ 12:10:5	\N	EUR	whatever	t
2393	Книга756	https://picsum.photos/400?image=736	93.252	11	Рандом описание756	5/8/2020 @ 12:10:5	\N	EUR	whatever	t
2394	Книга757	https://picsum.photos/400?image=588	4.842	20	Рандом описание757	5/8/2020 @ 12:10:6	\N	EUR	whatever	t
2395	Книга758	https://picsum.photos/400?image=543	28.464	7	Рандом описание758	5/8/2020 @ 12:10:6	\N	EUR	whatever	t
2396	Книга759	https://picsum.photos/400?image=6	50.374	6	Рандом описание759	5/8/2020 @ 12:10:6	\N	EUR	whatever	t
2397	Книга760	https://picsum.photos/400?image=489	64.194	6	Рандом описание760	5/8/2020 @ 12:10:7	\N	EUR	whatever	t
2398	Книга761	https://picsum.photos/400?image=960	27.605	20	Рандом описание761	5/8/2020 @ 12:10:7	\N	EUR	whatever	t
2399	Книга762	https://picsum.photos/400?image=64	2.180	4	Рандом описание762	5/8/2020 @ 12:10:7	\N	EUR	whatever	t
2400	Книга763	https://picsum.photos/400?image=347	31.958	3	Рандом описание763	5/8/2020 @ 12:10:7	\N	EUR	whatever	t
2401	Книга764	https://picsum.photos/400?image=192	16.074	4	Рандом описание764	5/8/2020 @ 12:10:7	\N	EUR	whatever	t
2402	Книга765	https://picsum.photos/400?image=230	92.154	16	Рандом описание765	5/8/2020 @ 12:10:7	\N	EUR	whatever	t
2403	Книга766	https://picsum.photos/400?image=137	75.090	9	Рандом описание766	5/8/2020 @ 12:10:7	\N	EUR	whatever	t
2404	Книга767	https://picsum.photos/400?image=441	67.036	6	Рандом описание767	5/8/2020 @ 12:10:7	\N	EUR	whatever	t
2405	Книга768	https://picsum.photos/400?image=724	42.864	13	Рандом описание768	5/8/2020 @ 12:10:7	\N	EUR	whatever	t
2406	Книга769	https://picsum.photos/400?image=389	2.142	17	Рандом описание769	5/8/2020 @ 12:10:7	\N	EUR	whatever	t
2407	Книга770	https://picsum.photos/400?image=298	14.421	17	Рандом описание770	5/8/2020 @ 12:10:7	\N	EUR	whatever	t
2408	Книга771	https://picsum.photos/400?image=567	87.961	16	Рандом описание771	5/8/2020 @ 12:10:7	\N	EUR	whatever	t
2409	Книга772	https://picsum.photos/400?image=566	58.116	2	Рандом описание772	5/8/2020 @ 12:10:7	\N	EUR	whatever	t
2410	Книга773	https://picsum.photos/400?image=971	15.871	1	Рандом описание773	5/8/2020 @ 12:10:7	\N	EUR	whatever	t
2411	Книга774	https://picsum.photos/400?image=813	40.896	15	Рандом описание774	5/8/2020 @ 12:10:7	\N	EUR	whatever	t
2412	Книга775	https://picsum.photos/400?image=578	14.099	14	Рандом описание775	5/8/2020 @ 12:10:8	\N	EUR	whatever	t
2413	Книга776	https://picsum.photos/400?image=196	55.551	3	Рандом описание776	5/8/2020 @ 12:10:8	\N	EUR	whatever	t
2414	Книга777	https://picsum.photos/400?image=371	6.463	7	Рандом описание777	5/8/2020 @ 12:10:8	\N	EUR	whatever	t
2415	Книга778	https://picsum.photos/400?image=643	51.175	3	Рандом описание778	5/8/2020 @ 12:10:8	\N	EUR	whatever	t
2416	Книга779	https://picsum.photos/400?image=191	52.214	2	Рандом описание779	5/8/2020 @ 12:10:8	\N	EUR	whatever	t
2417	Книга780	https://picsum.photos/400?image=695	51.336	12	Рандом описание780	5/8/2020 @ 12:10:8	\N	EUR	whatever	t
2418	Книга781	https://picsum.photos/400?image=934	18.293	5	Рандом описание781	5/8/2020 @ 12:10:8	\N	EUR	whatever	t
2419	Книга782	https://picsum.photos/400?image=927	90.182	1	Рандом описание782	5/8/2020 @ 12:10:8	\N	EUR	whatever	t
2420	Книга783	https://picsum.photos/400?image=346	14.762	20	Рандом описание783	5/8/2020 @ 12:10:8	\N	EUR	whatever	t
2421	Книга784	https://picsum.photos/400?image=819	57.179	4	Рандом описание784	5/8/2020 @ 12:10:8	\N	EUR	whatever	t
2422	Книга785	https://picsum.photos/400?image=469	66.510	14	Рандом описание785	5/8/2020 @ 12:10:8	\N	EUR	whatever	t
2423	Книга786	https://picsum.photos/400?image=933	3.827	17	Рандом описание786	5/8/2020 @ 12:10:8	\N	EUR	whatever	t
2424	Книга787	https://picsum.photos/400?image=768	52.651	11	Рандом описание787	5/8/2020 @ 12:10:8	\N	EUR	whatever	t
2425	Книга788	https://picsum.photos/400?image=885	53.270	18	Рандом описание788	5/8/2020 @ 12:10:8	\N	EUR	whatever	t
2426	Книга789	https://picsum.photos/400?image=873	21.260	11	Рандом описание789	5/8/2020 @ 12:10:8	\N	EUR	whatever	t
2427	Книга790	https://picsum.photos/400?image=529	85.340	5	Рандом описание790	5/8/2020 @ 12:10:9	\N	EUR	whatever	t
2428	Книга791	https://picsum.photos/400?image=82	33.497	4	Рандом описание791	5/8/2020 @ 12:10:9	\N	EUR	whatever	t
2429	Книга792	https://picsum.photos/400?image=69	6.213	16	Рандом описание792	5/8/2020 @ 12:10:9	\N	EUR	whatever	t
2430	Книга793	https://picsum.photos/400?image=421	85.355	19	Рандом описание793	5/8/2020 @ 12:10:9	\N	EUR	whatever	t
2431	Книга794	https://picsum.photos/400?image=358	2.844	9	Рандом описание794	5/8/2020 @ 12:10:9	\N	EUR	whatever	t
2432	Книга795	https://picsum.photos/400?image=803	98.788	20	Рандом описание795	5/8/2020 @ 12:10:9	\N	EUR	whatever	t
2433	Книга796	https://picsum.photos/400?image=404	65.363	10	Рандом описание796	5/8/2020 @ 12:10:9	\N	EUR	whatever	t
2434	Книга797	https://picsum.photos/400?image=740	62.016	12	Рандом описание797	5/8/2020 @ 12:10:9	\N	EUR	whatever	t
2435	Книга798	https://picsum.photos/400?image=886	94.194	2	Рандом описание798	5/8/2020 @ 12:10:9	\N	EUR	whatever	t
2436	Книга799	https://picsum.photos/400?image=538	30.617	17	Рандом описание799	5/8/2020 @ 12:10:9	\N	EUR	whatever	t
2437	Книга800	https://picsum.photos/400?image=27	45.046	6	Рандом описание800	5/8/2020 @ 12:10:9	\N	EUR	whatever	t
2438	Книга801	https://picsum.photos/400?image=477	54.892	8	Рандом описание801	5/8/2020 @ 12:10:9	\N	EUR	whatever	t
2439	Книга802	https://picsum.photos/400?image=879	5.923	11	Рандом описание802	5/8/2020 @ 12:10:9	\N	EUR	whatever	t
2440	Книга803	https://picsum.photos/400?image=742	9.842	17	Рандом описание803	5/8/2020 @ 12:10:9	\N	EUR	whatever	t
2441	Книга804	https://picsum.photos/400?image=235	55.571	15	Рандом описание804	5/8/2020 @ 12:10:9	\N	EUR	whatever	t
2442	Книга805	https://picsum.photos/400?image=481	26.974	19	Рандом описание805	5/8/2020 @ 12:10:10	\N	EUR	whatever	t
2443	Книга806	https://picsum.photos/400?image=683	58.353	4	Рандом описание806	5/8/2020 @ 12:10:10	\N	EUR	whatever	t
2444	Книга807	https://picsum.photos/400?image=864	32.053	2	Рандом описание807	5/8/2020 @ 12:10:10	\N	EUR	whatever	t
2445	Книга808	https://picsum.photos/400?image=484	25.034	6	Рандом описание808	5/8/2020 @ 12:10:10	\N	EUR	whatever	t
2446	Книга809	https://picsum.photos/400?image=167	42.913	19	Рандом описание809	5/8/2020 @ 12:10:10	\N	EUR	whatever	t
2447	Книга810	https://picsum.photos/400?image=906	80.913	10	Рандом описание810	5/8/2020 @ 12:10:10	\N	EUR	whatever	t
2448	Книга811	https://picsum.photos/400?image=181	61.653	8	Рандом описание811	5/8/2020 @ 12:10:10	\N	EUR	whatever	t
2449	Книга812	https://picsum.photos/400?image=14	63.353	11	Рандом описание812	5/8/2020 @ 12:10:10	\N	EUR	whatever	t
2450	Книга813	https://picsum.photos/400?image=140	90.510	13	Рандом описание813	5/8/2020 @ 12:10:10	\N	EUR	whatever	t
2451	Книга814	https://picsum.photos/400?image=998	55.629	15	Рандом описание814	5/8/2020 @ 12:10:10	\N	EUR	whatever	t
2452	Книга815	https://picsum.photos/400?image=195	66.855	15	Рандом описание815	5/8/2020 @ 12:10:10	\N	EUR	whatever	t
2453	Книга816	https://picsum.photos/400?image=270	33.136	9	Рандом описание816	5/8/2020 @ 12:10:10	\N	EUR	whatever	t
2454	Книга817	https://picsum.photos/400?image=430	34.463	7	Рандом описание817	5/8/2020 @ 12:10:10	\N	EUR	whatever	t
2455	Книга818	https://picsum.photos/400?image=664	68.118	5	Рандом описание818	5/8/2020 @ 12:10:10	\N	EUR	whatever	t
2456	Книга819	https://picsum.photos/400?image=986	20.532	11	Рандом описание819	5/8/2020 @ 12:10:10	\N	EUR	whatever	t
2457	Книга820	https://picsum.photos/400?image=327	36.761	5	Рандом описание820	5/8/2020 @ 12:10:10	\N	EUR	whatever	t
2458	Книга821	https://picsum.photos/400?image=781	54.908	14	Рандом описание821	5/8/2020 @ 12:10:10	\N	EUR	whatever	t
2459	Книга822	https://picsum.photos/400?image=407	84.318	12	Рандом описание822	5/8/2020 @ 12:10:11	\N	EUR	whatever	t
2460	Книга823	https://picsum.photos/400?image=184	72.487	3	Рандом описание823	5/8/2020 @ 12:10:11	\N	EUR	whatever	t
2461	Книга824	https://picsum.photos/400?image=235	88.387	9	Рандом описание824	5/8/2020 @ 12:10:11	\N	EUR	whatever	t
2462	Книга825	https://picsum.photos/400?image=487	28.917	20	Рандом описание825	5/8/2020 @ 12:10:11	\N	EUR	whatever	t
2463	Книга826	https://picsum.photos/400?image=488	88.177	8	Рандом описание826	5/8/2020 @ 12:10:11	\N	EUR	whatever	t
2464	Книга827	https://picsum.photos/400?image=66	90.751	9	Рандом описание827	5/8/2020 @ 12:10:11	\N	EUR	whatever	t
2465	Книга828	https://picsum.photos/400?image=567	37.710	14	Рандом описание828	5/8/2020 @ 12:10:11	\N	EUR	whatever	t
2466	Книга829	https://picsum.photos/400?image=598	56.289	19	Рандом описание829	5/8/2020 @ 12:10:11	\N	EUR	whatever	t
2467	Книга830	https://picsum.photos/400?image=37	18.595	7	Рандом описание830	5/8/2020 @ 12:10:11	\N	EUR	whatever	t
2468	Книга831	https://picsum.photos/400?image=74	32.845	15	Рандом описание831	5/8/2020 @ 12:10:11	\N	EUR	whatever	t
2469	Книга832	https://picsum.photos/400?image=30	67.474	10	Рандом описание832	5/8/2020 @ 12:10:11	\N	EUR	whatever	t
2470	Книга833	https://picsum.photos/400?image=48	93.500	20	Рандом описание833	5/8/2020 @ 12:10:11	\N	EUR	whatever	t
2471	Книга834	https://picsum.photos/400?image=360	34.834	18	Рандом описание834	5/8/2020 @ 12:10:11	\N	EUR	whatever	t
2472	Книга835	https://picsum.photos/400?image=985	30.086	10	Рандом описание835	5/8/2020 @ 12:10:11	\N	EUR	whatever	t
2473	Книга836	https://picsum.photos/400?image=946	86.112	9	Рандом описание836	5/8/2020 @ 12:10:11	\N	EUR	whatever	t
2474	Книга837	https://picsum.photos/400?image=111	77.872	8	Рандом описание837	5/8/2020 @ 12:10:12	\N	EUR	whatever	t
2475	Книга838	https://picsum.photos/400?image=450	4.064	14	Рандом описание838	5/8/2020 @ 12:10:12	\N	EUR	whatever	t
2476	Книга839	https://picsum.photos/400?image=373	5.170	13	Рандом описание839	5/8/2020 @ 12:10:12	\N	EUR	whatever	t
2477	Книга840	https://picsum.photos/400?image=195	84.966	11	Рандом описание840	5/8/2020 @ 12:10:12	\N	EUR	whatever	t
2478	Книга841	https://picsum.photos/400?image=889	68.008	19	Рандом описание841	5/8/2020 @ 12:10:12	\N	EUR	whatever	t
2479	Книга842	https://picsum.photos/400?image=197	67.702	8	Рандом описание842	5/8/2020 @ 12:10:12	\N	EUR	whatever	t
2480	Книга843	https://picsum.photos/400?image=771	36.475	4	Рандом описание843	5/8/2020 @ 12:10:12	\N	EUR	whatever	t
2481	Книга844	https://picsum.photos/400?image=39	78.707	10	Рандом описание844	5/8/2020 @ 12:10:12	\N	EUR	whatever	t
2482	Книга845	https://picsum.photos/400?image=484	77.392	12	Рандом описание845	5/8/2020 @ 12:10:12	\N	EUR	whatever	t
2483	Книга846	https://picsum.photos/400?image=534	26.997	1	Рандом описание846	5/8/2020 @ 12:10:12	\N	EUR	whatever	t
2484	Книга847	https://picsum.photos/400?image=26	58.497	14	Рандом описание847	5/8/2020 @ 12:10:12	\N	EUR	whatever	t
2485	Книга848	https://picsum.photos/400?image=900	78.509	20	Рандом описание848	5/8/2020 @ 12:10:12	\N	EUR	whatever	t
2486	Книга849	https://picsum.photos/400?image=832	19.292	8	Рандом описание849	5/8/2020 @ 12:10:13	\N	EUR	whatever	t
2487	Книга850	https://picsum.photos/400?image=398	2.729	10	Рандом описание850	5/8/2020 @ 12:10:13	\N	EUR	whatever	t
2488	Книга851	https://picsum.photos/400?image=491	51.362	17	Рандом описание851	5/8/2020 @ 12:10:13	\N	EUR	whatever	t
2489	Книга852	https://picsum.photos/400?image=328	7.007	3	Рандом описание852	5/8/2020 @ 12:10:13	\N	EUR	whatever	t
2490	Книга853	https://picsum.photos/400?image=627	66.108	1	Рандом описание853	5/8/2020 @ 12:10:13	\N	EUR	whatever	t
2491	Книга854	https://picsum.photos/400?image=998	25.499	12	Рандом описание854	5/8/2020 @ 12:10:13	\N	EUR	whatever	t
2492	Книга855	https://picsum.photos/400?image=267	19.161	17	Рандом описание855	5/8/2020 @ 12:10:13	\N	EUR	whatever	t
2493	Книга856	https://picsum.photos/400?image=615	52.042	1	Рандом описание856	5/8/2020 @ 12:10:13	\N	EUR	whatever	t
2494	Книга857	https://picsum.photos/400?image=864	1.543	11	Рандом описание857	5/8/2020 @ 12:10:13	\N	EUR	whatever	t
2495	Книга858	https://picsum.photos/400?image=962	93.208	6	Рандом описание858	5/8/2020 @ 12:10:13	\N	EUR	whatever	t
2496	Книга859	https://picsum.photos/400?image=109	17.934	18	Рандом описание859	5/8/2020 @ 12:10:13	\N	EUR	whatever	t
2497	Книга860	https://picsum.photos/400?image=22	92.254	13	Рандом описание860	5/8/2020 @ 12:10:13	\N	EUR	whatever	t
2498	Книга861	https://picsum.photos/400?image=804	84.545	8	Рандом описание861	5/8/2020 @ 12:10:13	\N	EUR	whatever	t
2499	Книга862	https://picsum.photos/400?image=913	14.716	2	Рандом описание862	5/8/2020 @ 12:10:13	\N	EUR	whatever	t
2500	Книга863	https://picsum.photos/400?image=892	8.271	19	Рандом описание863	5/8/2020 @ 12:10:13	\N	EUR	whatever	t
2501	Книга864	https://picsum.photos/400?image=20	75.348	12	Рандом описание864	5/8/2020 @ 12:10:13	\N	EUR	whatever	t
2502	Книга865	https://picsum.photos/400?image=224	22.848	2	Рандом описание865	5/8/2020 @ 12:10:13	\N	EUR	whatever	t
2503	Книга866	https://picsum.photos/400?image=626	57.014	14	Рандом описание866	5/8/2020 @ 12:10:14	\N	EUR	whatever	t
2504	Книга867	https://picsum.photos/400?image=539	39.045	8	Рандом описание867	5/8/2020 @ 12:10:14	\N	EUR	whatever	t
2505	Книга868	https://picsum.photos/400?image=78	49.022	7	Рандом описание868	5/8/2020 @ 12:10:14	\N	EUR	whatever	t
2506	Книга869	https://picsum.photos/400?image=45	5.255	2	Рандом описание869	5/8/2020 @ 12:10:14	\N	EUR	whatever	t
2507	Книга870	https://picsum.photos/400?image=711	90.334	8	Рандом описание870	5/8/2020 @ 12:10:14	\N	EUR	whatever	t
2508	Книга871	https://picsum.photos/400?image=825	6.718	6	Рандом описание871	5/8/2020 @ 12:10:14	\N	EUR	whatever	t
2509	Книга872	https://picsum.photos/400?image=577	43.265	3	Рандом описание872	5/8/2020 @ 12:10:14	\N	EUR	whatever	t
2510	Книга873	https://picsum.photos/400?image=593	82.478	6	Рандом описание873	5/8/2020 @ 12:10:14	\N	EUR	whatever	t
2511	Книга874	https://picsum.photos/400?image=42	90.615	6	Рандом описание874	5/8/2020 @ 12:10:14	\N	EUR	whatever	t
2512	Книга875	https://picsum.photos/400?image=558	72.824	12	Рандом описание875	5/8/2020 @ 12:10:14	\N	EUR	whatever	t
2513	Книга876	https://picsum.photos/400?image=354	38.740	8	Рандом описание876	5/8/2020 @ 12:10:14	\N	EUR	whatever	t
2514	Книга877	https://picsum.photos/400?image=561	77.636	15	Рандом описание877	5/8/2020 @ 12:10:14	\N	EUR	whatever	t
2515	Книга878	https://picsum.photos/400?image=841	41.366	2	Рандом описание878	5/8/2020 @ 12:10:15	\N	EUR	whatever	t
2516	Книга879	https://picsum.photos/400?image=250	65.955	14	Рандом описание879	5/8/2020 @ 12:10:15	\N	EUR	whatever	t
2517	Книга880	https://picsum.photos/400?image=928	10.117	14	Рандом описание880	5/8/2020 @ 12:10:15	\N	EUR	whatever	t
2518	Книга881	https://picsum.photos/400?image=302	58.727	9	Рандом описание881	5/8/2020 @ 12:10:15	\N	EUR	whatever	t
2519	Книга882	https://picsum.photos/400?image=774	42.647	10	Рандом описание882	5/8/2020 @ 12:10:15	\N	EUR	whatever	t
2520	Книга883	https://picsum.photos/400?image=236	51.939	19	Рандом описание883	5/8/2020 @ 12:10:15	\N	EUR	whatever	t
2521	Книга884	https://picsum.photos/400?image=980	59.583	6	Рандом описание884	5/8/2020 @ 12:10:15	\N	EUR	whatever	t
2522	Книга885	https://picsum.photos/400?image=221	35.705	4	Рандом описание885	5/8/2020 @ 12:10:15	\N	EUR	whatever	t
2523	Книга886	https://picsum.photos/400?image=994	1.908	20	Рандом описание886	5/8/2020 @ 12:10:15	\N	EUR	whatever	t
2524	Книга887	https://picsum.photos/400?image=740	77.902	12	Рандом описание887	5/8/2020 @ 12:10:15	\N	EUR	whatever	t
2525	Книга888	https://picsum.photos/400?image=707	20.154	5	Рандом описание888	5/8/2020 @ 12:10:15	\N	EUR	whatever	t
2526	Книга889	https://picsum.photos/400?image=990	38.264	1	Рандом описание889	5/8/2020 @ 12:10:15	\N	EUR	whatever	t
2527	Книга890	https://picsum.photos/400?image=860	54.754	7	Рандом описание890	5/8/2020 @ 12:10:15	\N	EUR	whatever	t
2528	Книга891	https://picsum.photos/400?image=672	14.792	3	Рандом описание891	5/8/2020 @ 12:10:15	\N	EUR	whatever	t
2529	Книга892	https://picsum.photos/400?image=885	84.245	15	Рандом описание892	5/8/2020 @ 12:10:15	\N	EUR	whatever	t
2530	Книга893	https://picsum.photos/400?image=508	21.176	10	Рандом описание893	5/8/2020 @ 12:10:16	\N	EUR	whatever	t
2531	Книга894	https://picsum.photos/400?image=426	75.150	14	Рандом описание894	5/8/2020 @ 12:10:16	\N	EUR	whatever	t
2532	Книга895	https://picsum.photos/400?image=481	92.260	7	Рандом описание895	5/8/2020 @ 12:10:16	\N	EUR	whatever	t
2533	Книга896	https://picsum.photos/400?image=617	94.574	13	Рандом описание896	5/8/2020 @ 12:10:16	\N	EUR	whatever	t
2534	Книга897	https://picsum.photos/400?image=261	16.363	6	Рандом описание897	5/8/2020 @ 12:10:16	\N	EUR	whatever	t
2535	Книга898	https://picsum.photos/400?image=697	26.361	13	Рандом описание898	5/8/2020 @ 12:10:16	\N	EUR	whatever	t
2536	Книга899	https://picsum.photos/400?image=992	2.895	13	Рандом описание899	5/8/2020 @ 12:10:16	\N	EUR	whatever	t
2537	Книга900	https://picsum.photos/400?image=260	78.909	8	Рандом описание900	5/8/2020 @ 12:10:16	\N	EUR	whatever	t
2538	Книга901	https://picsum.photos/400?image=989	81.297	15	Рандом описание901	5/8/2020 @ 12:10:16	\N	EUR	whatever	t
2539	Книга902	https://picsum.photos/400?image=484	90.780	12	Рандом описание902	5/8/2020 @ 12:10:16	\N	EUR	whatever	t
2540	Книга903	https://picsum.photos/400?image=616	78.247	14	Рандом описание903	5/8/2020 @ 12:10:16	\N	EUR	whatever	t
2541	Книга904	https://picsum.photos/400?image=649	15.706	12	Рандом описание904	5/8/2020 @ 12:10:16	\N	EUR	whatever	t
2542	Книга905	https://picsum.photos/400?image=391	32.693	10	Рандом описание905	5/8/2020 @ 12:10:16	\N	EUR	whatever	t
2543	Книга906	https://picsum.photos/400?image=849	38.675	11	Рандом описание906	5/8/2020 @ 12:10:16	\N	EUR	whatever	t
2544	Книга907	https://picsum.photos/400?image=671	12.519	12	Рандом описание907	5/8/2020 @ 12:10:16	\N	EUR	whatever	t
2545	Книга908	https://picsum.photos/400?image=371	46.037	1	Рандом описание908	5/8/2020 @ 12:10:16	\N	EUR	whatever	t
2546	Книга909	https://picsum.photos/400?image=9	32.074	10	Рандом описание909	5/8/2020 @ 12:10:16	\N	EUR	whatever	t
2547	Книга910	https://picsum.photos/400?image=804	99.164	11	Рандом описание910	5/8/2020 @ 12:10:17	\N	EUR	whatever	t
2548	Книга911	https://picsum.photos/400?image=611	4.198	17	Рандом описание911	5/8/2020 @ 12:10:17	\N	EUR	whatever	t
2549	Книга912	https://picsum.photos/400?image=644	44.730	12	Рандом описание912	5/8/2020 @ 12:10:17	\N	EUR	whatever	t
2550	Книга913	https://picsum.photos/400?image=631	82.511	4	Рандом описание913	5/8/2020 @ 12:10:17	\N	EUR	whatever	t
2551	Книга914	https://picsum.photos/400?image=945	32.176	6	Рандом описание914	5/8/2020 @ 12:10:17	\N	EUR	whatever	t
2552	Книга915	https://picsum.photos/400?image=341	78.252	7	Рандом описание915	5/8/2020 @ 12:10:17	\N	EUR	whatever	t
2553	Книга916	https://picsum.photos/400?image=484	99.839	17	Рандом описание916	5/8/2020 @ 12:10:17	\N	EUR	whatever	t
2554	Книга917	https://picsum.photos/400?image=916	92.732	7	Рандом описание917	5/8/2020 @ 12:10:17	\N	EUR	whatever	t
2555	Книга918	https://picsum.photos/400?image=443	62.272	20	Рандом описание918	5/8/2020 @ 12:10:17	\N	EUR	whatever	t
2556	Книга919	https://picsum.photos/400?image=610	76.573	7	Рандом описание919	5/8/2020 @ 12:10:17	\N	EUR	whatever	t
2557	Книга920	https://picsum.photos/400?image=97	54.348	18	Рандом описание920	5/8/2020 @ 12:10:17	\N	EUR	whatever	t
2558	Книга921	https://picsum.photos/400?image=818	57.842	18	Рандом описание921	5/8/2020 @ 12:10:17	\N	EUR	whatever	t
2559	Книга922	https://picsum.photos/400?image=821	15.478	18	Рандом описание922	5/8/2020 @ 12:10:17	\N	EUR	whatever	t
2560	Книга923	https://picsum.photos/400?image=702	59.793	4	Рандом описание923	5/8/2020 @ 12:10:17	\N	EUR	whatever	t
2561	Книга924	https://picsum.photos/400?image=188	23.611	18	Рандом описание924	5/8/2020 @ 12:10:17	\N	EUR	whatever	t
2562	Книга925	https://picsum.photos/400?image=891	95.014	18	Рандом описание925	5/8/2020 @ 12:10:17	\N	EUR	whatever	t
2563	Книга926	https://picsum.photos/400?image=409	20.397	17	Рандом описание926	5/8/2020 @ 12:10:18	\N	EUR	whatever	t
2564	Книга927	https://picsum.photos/400?image=127	67.980	13	Рандом описание927	5/8/2020 @ 12:10:18	\N	EUR	whatever	t
2565	Книга928	https://picsum.photos/400?image=84	40.952	15	Рандом описание928	5/8/2020 @ 12:10:18	\N	EUR	whatever	t
2566	Книга929	https://picsum.photos/400?image=268	46.091	12	Рандом описание929	5/8/2020 @ 12:10:18	\N	EUR	whatever	t
2567	Книга930	https://picsum.photos/400?image=65	67.548	15	Рандом описание930	5/8/2020 @ 12:10:18	\N	EUR	whatever	t
2568	Книга931	https://picsum.photos/400?image=855	75.367	1	Рандом описание931	5/8/2020 @ 12:10:18	\N	EUR	whatever	t
2569	Книга932	https://picsum.photos/400?image=754	28.691	4	Рандом описание932	5/8/2020 @ 12:10:18	\N	EUR	whatever	t
2570	Книга933	https://picsum.photos/400?image=117	89.476	4	Рандом описание933	5/8/2020 @ 12:10:18	\N	EUR	whatever	t
2571	Книга934	https://picsum.photos/400?image=82	54.161	1	Рандом описание934	5/8/2020 @ 12:10:18	\N	EUR	whatever	t
2572	Книга935	https://picsum.photos/400?image=831	20.848	11	Рандом описание935	5/8/2020 @ 12:10:18	\N	EUR	whatever	t
2573	Книга936	https://picsum.photos/400?image=291	6.934	2	Рандом описание936	5/8/2020 @ 12:10:18	\N	EUR	whatever	t
2574	Книга937	https://picsum.photos/400?image=824	22.409	12	Рандом описание937	5/8/2020 @ 12:10:18	\N	EUR	whatever	t
2575	Книга938	https://picsum.photos/400?image=147	25.807	6	Рандом описание938	5/8/2020 @ 12:10:18	\N	EUR	whatever	t
2576	Книга939	https://picsum.photos/400?image=982	16.973	9	Рандом описание939	5/8/2020 @ 12:10:18	\N	EUR	whatever	t
2577	Книга940	https://picsum.photos/400?image=140	39.072	1	Рандом описание940	5/8/2020 @ 12:10:19	\N	EUR	whatever	t
2578	Книга941	https://picsum.photos/400?image=214	18.644	18	Рандом описание941	5/8/2020 @ 12:10:19	\N	EUR	whatever	t
2579	Книга942	https://picsum.photos/400?image=304	7.004	7	Рандом описание942	5/8/2020 @ 12:10:19	\N	EUR	whatever	t
2580	Книга943	https://picsum.photos/400?image=92	60.067	17	Рандом описание943	5/8/2020 @ 12:10:19	\N	EUR	whatever	t
2581	Книга944	https://picsum.photos/400?image=879	13.327	1	Рандом описание944	5/8/2020 @ 12:10:19	\N	EUR	whatever	t
2582	Книга945	https://picsum.photos/400?image=647	98.955	18	Рандом описание945	5/8/2020 @ 12:10:19	\N	EUR	whatever	t
2583	Книга946	https://picsum.photos/400?image=64	51.229	18	Рандом описание946	5/8/2020 @ 12:10:19	\N	EUR	whatever	t
2584	Книга947	https://picsum.photos/400?image=618	36.160	10	Рандом описание947	5/8/2020 @ 12:10:19	\N	EUR	whatever	t
2585	Книга948	https://picsum.photos/400?image=940	54.580	4	Рандом описание948	5/8/2020 @ 12:10:19	\N	EUR	whatever	t
2586	Книга949	https://picsum.photos/400?image=314	47.412	2	Рандом описание949	5/8/2020 @ 12:10:19	\N	EUR	whatever	t
2587	Книга950	https://picsum.photos/400?image=326	4.626	15	Рандом описание950	5/8/2020 @ 12:10:19	\N	EUR	whatever	t
2588	Книга951	https://picsum.photos/400?image=77	14.716	9	Рандом описание951	5/8/2020 @ 12:10:19	\N	EUR	whatever	t
2589	Книга952	https://picsum.photos/400?image=814	29.615	12	Рандом описание952	5/8/2020 @ 12:10:19	\N	EUR	whatever	t
2590	Книга953	https://picsum.photos/400?image=77	52.254	7	Рандом описание953	5/8/2020 @ 12:10:19	\N	EUR	whatever	t
2591	Книга954	https://picsum.photos/400?image=138	94.787	13	Рандом описание954	5/8/2020 @ 12:10:19	\N	EUR	whatever	t
2592	Книга955	https://picsum.photos/400?image=601	49.762	17	Рандом описание955	5/8/2020 @ 12:10:20	\N	EUR	whatever	t
2593	Книга956	https://picsum.photos/400?image=29	40.454	13	Рандом описание956	5/8/2020 @ 12:10:20	\N	EUR	whatever	t
2594	Книга957	https://picsum.photos/400?image=684	13.362	9	Рандом описание957	5/8/2020 @ 12:10:20	\N	EUR	whatever	t
2595	Книга958	https://picsum.photos/400?image=349	16.458	2	Рандом описание958	5/8/2020 @ 12:10:20	\N	EUR	whatever	t
2596	Книга959	https://picsum.photos/400?image=72	47.668	13	Рандом описание959	5/8/2020 @ 12:10:20	\N	EUR	whatever	t
2597	Книга960	https://picsum.photos/400?image=216	93.821	5	Рандом описание960	5/8/2020 @ 12:10:20	\N	EUR	whatever	t
2598	Книга961	https://picsum.photos/400?image=132	59.759	8	Рандом описание961	5/8/2020 @ 12:10:20	\N	EUR	whatever	t
2599	Книга962	https://picsum.photos/400?image=135	8.537	8	Рандом описание962	5/8/2020 @ 12:10:20	\N	EUR	whatever	t
2600	Книга963	https://picsum.photos/400?image=605	7.283	6	Рандом описание963	5/8/2020 @ 12:10:20	\N	EUR	whatever	t
2601	Книга964	https://picsum.photos/400?image=334	7.692	11	Рандом описание964	5/8/2020 @ 12:10:20	\N	EUR	whatever	t
2602	Книга965	https://picsum.photos/400?image=279	68.039	11	Рандом описание965	5/8/2020 @ 12:10:20	\N	EUR	whatever	t
2603	Книга966	https://picsum.photos/400?image=472	4.939	8	Рандом описание966	5/8/2020 @ 12:10:20	\N	EUR	whatever	t
2604	Книга967	https://picsum.photos/400?image=997	58.925	20	Рандом описание967	5/8/2020 @ 12:10:20	\N	EUR	whatever	t
2605	Книга968	https://picsum.photos/400?image=66	37.138	2	Рандом описание968	5/8/2020 @ 12:10:21	\N	EUR	whatever	t
2606	Книга969	https://picsum.photos/400?image=796	28.039	8	Рандом описание969	5/8/2020 @ 12:10:21	\N	EUR	whatever	t
2607	Книга970	https://picsum.photos/400?image=878	12.385	19	Рандом описание970	5/8/2020 @ 12:10:21	\N	EUR	whatever	t
2608	Книга971	https://picsum.photos/400?image=374	6.616	9	Рандом описание971	5/8/2020 @ 12:10:21	\N	EUR	whatever	t
2609	Книга972	https://picsum.photos/400?image=394	72.672	18	Рандом описание972	5/8/2020 @ 12:10:21	\N	EUR	whatever	t
2610	Книга973	https://picsum.photos/400?image=804	93.874	2	Рандом описание973	5/8/2020 @ 12:10:21	\N	EUR	whatever	t
2611	Книга974	https://picsum.photos/400?image=634	30.542	3	Рандом описание974	5/8/2020 @ 12:10:21	\N	EUR	whatever	t
2612	Книга975	https://picsum.photos/400?image=99	62.379	10	Рандом описание975	5/8/2020 @ 12:10:21	\N	EUR	whatever	t
2613	Книга976	https://picsum.photos/400?image=779	47.527	8	Рандом описание976	5/8/2020 @ 12:10:21	\N	EUR	whatever	t
2614	Книга977	https://picsum.photos/400?image=180	93.412	2	Рандом описание977	5/8/2020 @ 12:10:21	\N	EUR	whatever	t
2615	Книга978	https://picsum.photos/400?image=949	84.425	19	Рандом описание978	5/8/2020 @ 12:10:21	\N	EUR	whatever	t
2616	Книга979	https://picsum.photos/400?image=361	42.070	19	Рандом описание979	5/8/2020 @ 12:10:21	\N	EUR	whatever	t
2617	Книга980	https://picsum.photos/400?image=218	17.922	18	Рандом описание980	5/8/2020 @ 12:10:21	\N	EUR	whatever	t
2618	Книга981	https://picsum.photos/400?image=421	34.495	5	Рандом описание981	5/8/2020 @ 12:10:21	\N	EUR	whatever	t
2619	Книга982	https://picsum.photos/400?image=770	25.799	15	Рандом описание982	5/8/2020 @ 12:10:21	\N	EUR	whatever	t
2620	Книга983	https://picsum.photos/400?image=852	95.981	8	Рандом описание983	5/8/2020 @ 12:10:21	\N	EUR	whatever	t
2621	Книга984	https://picsum.photos/400?image=488	34.084	13	Рандом описание984	5/8/2020 @ 12:10:21	\N	EUR	whatever	t
2622	Книга985	https://picsum.photos/400?image=468	34.319	20	Рандом описание985	5/8/2020 @ 12:10:21	\N	EUR	whatever	t
2623	Книга986	https://picsum.photos/400?image=179	96.154	10	Рандом описание986	5/8/2020 @ 12:10:22	\N	EUR	whatever	t
2624	Книга987	https://picsum.photos/400?image=355	93.249	3	Рандом описание987	5/8/2020 @ 12:10:22	\N	EUR	whatever	t
2625	Книга988	https://picsum.photos/400?image=17	91.736	16	Рандом описание988	5/8/2020 @ 12:10:22	\N	EUR	whatever	t
2626	Книга989	https://picsum.photos/400?image=881	51.114	14	Рандом описание989	5/8/2020 @ 12:10:22	\N	EUR	whatever	t
2627	Книга990	https://picsum.photos/400?image=852	44.722	2	Рандом описание990	5/8/2020 @ 12:10:22	\N	EUR	whatever	t
2628	Книга991	https://picsum.photos/400?image=177	38.401	12	Рандом описание991	5/8/2020 @ 12:10:23	\N	EUR	whatever	t
2635	Книга998	https://picsum.photos/400?image=771	29.950	12	Рандом описание998	5/8/2020 @ 12:10:23	\N	EUR	whatever	t
1647	Книга10	https://picsum.photos/400?image=14	82.226	15	Рандом описание10	5/8/2020 @ 12:9:12	\N	EUR	whatever	t
1742	Книга105	https://picsum.photos/400?image=695	89.332	1	Рандом описание105	5/8/2020 @ 12:9:20	\N	EUR	whatever	t
1743	Книга106	https://picsum.photos/400?image=453	56.286	2	Рандом описание106	5/8/2020 @ 12:9:20	\N	EUR	whatever	t
2632	Книга995	https://picsum.photos/400?image=120	63.209	1	Рандом описание995	5/8/2020 @ 12:10:23	\N	EUR	whatever	t
2630	Книга993	https://picsum.photos/400?image=979	8.558	8	Рандом описание993	5/8/2020 @ 12:10:23	\N	EUR	whatever	t
2629	Книга992	https://picsum.photos/400?image=833	36.737	19	Рандом описание992	5/8/2020 @ 12:10:23	\N	EUR	whatever	t
2631	Книга994	https://picsum.photos/400?image=773	7.718	13	Рандом описание994	5/8/2020 @ 12:10:23	\N	EUR	whatever	t
2633	Книга996	https://picsum.photos/400?image=882	75.237	10	Рандом описание996	5/8/2020 @ 12:10:23	\N	EUR	whatever	t
2634	Книга997	https://picsum.photos/400?image=372	21.727	16	Рандом описание997	5/8/2020 @ 12:10:23	\N	EUR	whatever	t
\.


--
-- Data for Name: products_details; Type: TABLE DATA; Schema: public; Owner: ekatte
--

COPY public.products_details (id, product_id, size, color, gender) FROM stdin;
\.


--
-- Data for Name: tags; Type: TABLE DATA; Schema: public; Owner: ekatte
--

COPY public.tags (id, name) FROM stdin;
1	Романи
2	Трилъри
3	Фентъзи
4	Повести
5	Любовни
6	Приказки
\.


--
-- Data for Name: tags_products; Type: TABLE DATA; Schema: public; Owner: ekatte
--

COPY public.tags_products (id, product_id, tag_id) FROM stdin;
691	1637	2
692	1637	3
693	1637	1
694	1638	2
695	1638	3
696	1638	1
697	1639	1
698	1639	3
699	1639	2
700	1640	1
701	1640	2
702	1640	3
703	1641	3
704	1641	2
705	1641	1
706	1642	2
707	1642	3
708	1642	1
709	1643	3
710	1643	2
711	1643	1
712	1644	2
713	1644	1
714	1644	3
715	1645	2
716	1645	3
717	1645	1
718	1646	2
719	1646	3
720	1646	1
721	1647	2
722	1647	3
723	1647	1
724	1648	2
725	1648	3
726	1648	1
727	1649	2
728	1649	3
729	1649	1
730	1650	2
731	1650	3
732	1650	1
733	1651	2
734	1651	3
735	1651	1
736	1652	1
737	1652	2
738	1652	3
739	1653	1
740	1653	2
741	1653	3
742	1654	1
743	1654	2
744	1654	3
745	1655	2
746	1655	1
747	1655	3
748	1656	1
749	1656	3
750	1656	2
751	1657	1
752	1657	2
753	1657	3
754	1658	3
755	1658	1
756	1658	2
757	1659	1
758	1659	2
759	1659	3
760	1660	2
761	1660	3
762	1660	1
763	1661	3
764	1661	1
765	1661	2
766	1662	3
767	1662	1
768	1662	2
769	1663	2
770	1663	1
771	1663	3
772	1664	3
773	1664	1
774	1664	2
775	1665	3
776	1665	1
777	1665	2
778	1666	3
779	1666	2
780	1666	1
781	1667	2
782	1667	1
783	1667	3
784	1668	2
785	1668	1
786	1668	3
787	1669	2
788	1669	3
789	1669	1
790	1670	2
791	1670	3
792	1670	1
793	1671	1
794	1671	2
795	1671	3
796	1672	3
797	1672	1
798	1672	2
799	1673	3
800	1673	2
801	1673	1
802	1674	1
803	1674	3
804	1674	2
805	1675	2
806	1675	1
807	1675	3
808	1676	3
809	1676	2
810	1676	1
811	1677	2
812	1677	1
813	1677	3
814	1678	1
815	1678	3
816	1678	2
817	1679	1
818	1679	2
819	1679	3
820	1680	1
821	1680	2
822	1680	3
823	1681	2
824	1681	3
825	1681	1
826	1682	1
827	1682	2
828	1682	3
829	1683	2
830	1683	1
831	1683	3
832	1684	1
833	1684	3
834	1684	2
835	1685	3
836	1685	1
837	1685	2
838	1686	3
839	1686	1
840	1686	2
841	1687	2
842	1687	1
843	1687	3
844	1688	3
845	1688	2
846	1688	1
847	1689	2
848	1689	1
849	1689	3
850	1690	2
851	1690	3
852	1690	1
853	1691	1
854	1691	2
855	1691	3
856	1692	2
857	1692	3
858	1692	1
859	1693	1
860	1693	3
861	1693	2
862	1694	2
863	1694	1
864	1694	3
865	1695	1
866	1695	3
867	1695	2
868	1696	1
869	1696	3
870	1696	2
871	1697	2
872	1697	3
873	1697	1
874	1698	3
875	1698	1
876	1698	2
877	1699	1
878	1699	3
879	1699	2
880	1700	2
881	1700	1
882	1700	3
883	1701	2
884	1701	1
885	1701	3
886	1702	3
887	1702	2
888	1702	1
889	1703	2
890	1703	1
891	1703	3
892	1704	1
893	1704	3
894	1704	2
895	1705	1
896	1705	2
897	1705	3
898	1706	1
899	1706	3
900	1706	2
901	1707	3
902	1707	1
903	1707	2
904	1708	3
905	1708	2
906	1708	1
907	1709	3
908	1709	1
909	1709	2
910	1710	1
911	1710	2
912	1710	3
913	1711	3
914	1711	1
915	1711	2
916	1712	2
917	1712	1
918	1712	3
919	1713	1
920	1713	3
921	1713	2
922	1714	3
923	1714	1
924	1714	2
925	1715	3
926	1715	1
927	1715	2
928	1716	3
929	1716	2
930	1716	1
931	1717	1
932	1717	2
933	1717	3
934	1718	1
935	1718	3
936	1718	2
937	1719	1
938	1719	2
939	1719	3
940	1720	2
941	1720	3
942	1720	1
943	1721	3
944	1721	1
945	1721	2
946	1722	2
947	1722	3
948	1722	1
949	1723	2
950	1723	3
951	1723	1
952	1724	3
953	1724	1
954	1724	2
955	1725	2
956	1725	3
957	1725	1
958	1726	2
959	1726	3
960	1726	1
961	1727	3
962	1727	1
963	1727	2
964	1728	1
965	1728	3
966	1728	2
967	1729	3
968	1729	1
969	1729	2
970	1730	2
971	1730	3
972	1730	1
973	1731	1
974	1731	2
975	1731	3
976	1732	2
977	1732	3
978	1732	1
979	1733	3
980	1733	2
981	1733	1
982	1734	1
983	1734	3
984	1734	2
985	1735	2
986	1735	3
987	1735	1
988	1736	3
989	1736	2
990	1736	1
991	1737	2
992	1737	3
993	1737	1
994	1738	2
995	1738	3
996	1738	1
997	1739	3
998	1739	2
999	1739	1
1000	1740	3
1001	1740	1
1002	1740	2
1003	1741	2
1004	1741	3
1005	1741	1
1006	1742	1
1007	1742	3
1008	1742	2
1009	1743	2
1010	1743	3
1011	1743	1
1012	1744	1
1013	1744	2
1014	1744	3
1015	1745	2
1016	1745	3
1017	1745	1
1018	1746	3
1019	1746	1
1020	1746	2
1021	1747	3
1022	1747	1
1023	1747	2
1024	1748	1
1025	1748	3
1026	1748	2
1027	1749	3
1028	1749	1
1029	1749	2
1030	1750	3
1031	1750	1
1032	1750	2
1033	1751	2
1034	1751	1
1035	1751	3
1036	1752	3
1037	1752	2
1038	1752	1
1039	1753	3
1040	1753	2
1041	1753	1
1042	1754	2
1043	1754	3
1044	1754	1
1045	1755	2
1046	1755	1
1047	1755	3
1048	1756	3
1049	1756	2
1050	1756	1
1051	1757	1
1052	1757	2
1053	1757	3
1054	1758	3
1055	1758	1
1056	1758	2
1057	1759	2
1058	1759	3
1059	1759	1
1060	1760	3
1061	1760	1
1062	1760	2
1063	1761	3
1064	1761	1
1065	1761	2
1066	1762	2
1067	1762	3
1068	1762	1
1069	1763	2
1070	1763	1
1071	1763	3
1072	1764	2
1073	1764	1
1074	1764	3
1075	1765	1
1076	1765	3
1077	1765	2
1078	1766	1
1079	1766	3
1080	1766	2
1081	1767	1
1082	1767	2
1083	1767	3
1084	1768	1
1085	1768	3
1086	1768	2
1087	1769	2
1088	1769	3
1089	1769	1
1090	1770	3
1091	1770	2
1092	1770	1
1093	1771	1
1094	1771	2
1095	1771	3
1096	1772	1
1097	1772	2
1098	1772	3
1099	1773	3
1100	1773	1
1101	1773	2
1102	1774	1
1103	1774	2
1104	1774	3
1105	1775	1
1106	1775	2
1107	1775	3
1108	1776	1
1109	1776	2
1110	1776	3
1111	1777	3
1112	1777	2
1113	1777	1
1114	1778	2
1115	1778	3
1116	1778	1
1117	1779	1
1118	1779	2
1119	1779	3
1120	1780	1
1121	1780	3
1122	1780	2
1123	1781	2
1124	1781	1
1125	1781	3
1126	1782	3
1127	1782	1
1128	1782	2
1129	1783	2
1130	1783	1
1131	1783	3
1132	1784	1
1133	1784	2
1134	1784	3
1135	1785	2
1136	1785	3
1137	1785	1
1138	1786	3
1139	1786	1
1140	1786	2
1141	1787	1
1142	1787	2
1143	1787	3
1144	1788	1
1145	1788	3
1146	1788	2
1147	1789	3
1148	1789	2
1149	1789	1
1150	1790	3
1151	1790	1
1152	1790	2
1153	1791	3
1154	1791	1
1155	1791	2
1156	1792	2
1157	1792	1
1158	1792	3
1159	1793	3
1160	1793	2
1161	1793	1
1162	1794	3
1163	1794	2
1164	1794	1
1165	1795	3
1166	1795	2
1167	1795	1
1168	1796	1
1169	1796	3
1170	1796	2
1171	1797	3
1172	1797	2
1173	1797	1
1174	1798	1
1175	1798	3
1176	1798	2
1177	1799	3
1178	1799	1
1179	1799	2
1180	1800	3
1181	1800	1
1182	1800	2
1183	1801	1
1184	1801	2
1185	1801	3
1186	1802	2
1187	1802	1
1188	1802	3
1189	1803	2
1190	1803	1
1191	1803	3
1192	1804	1
1193	1804	2
1194	1804	3
1195	1805	1
1196	1805	3
1197	1805	2
1198	1806	3
1199	1806	2
1200	1806	1
1201	1807	1
1202	1807	3
1203	1807	2
1204	1808	1
1205	1808	2
1206	1808	3
1207	1809	3
1208	1809	1
1209	1809	2
1210	1810	2
1211	1810	1
1212	1810	3
1213	1811	2
1214	1811	3
1215	1811	1
1216	1812	3
1217	1812	2
1218	1812	1
1219	1813	2
1220	1813	3
1221	1813	1
1222	1814	2
1223	1814	1
1224	1814	3
1225	1815	1
1226	1815	3
1227	1815	2
1228	1816	3
1229	1816	2
1230	1816	1
1231	1817	3
1232	1817	2
1233	1817	1
1234	1818	3
1235	1818	2
1236	1818	1
1237	1819	1
1238	1819	3
1239	1819	2
1240	1820	1
1241	1820	3
1242	1820	2
1243	1821	2
1244	1821	3
1245	1821	1
1246	1822	2
1247	1822	3
1248	1822	1
1249	1823	2
1250	1823	3
1251	1823	1
1252	1824	3
1253	1824	1
1254	1824	2
1255	1825	1
1256	1825	3
1257	1825	2
1258	1826	3
1259	1826	1
1260	1826	2
1261	1827	2
1262	1827	3
1263	1827	1
1264	1828	2
1265	1828	1
1266	1828	3
1267	1829	2
1268	1829	3
1269	1829	1
1270	1830	2
1271	1830	1
1272	1830	3
1273	1831	3
1274	1831	2
1275	1831	1
1276	1832	2
1277	1832	1
1278	1832	3
1279	1833	2
1280	1833	3
1281	1833	1
1282	1834	3
1283	1834	1
1284	1834	2
1285	1835	1
1286	1835	3
1287	1835	2
1288	1836	1
1289	1836	2
1290	1836	3
1291	1837	3
1292	1837	2
1293	1837	1
1294	1838	2
1295	1838	3
1296	1838	1
1297	1839	2
1298	1839	1
1299	1839	3
1300	1840	3
1301	1840	1
1302	1840	2
1303	1841	3
1304	1841	1
1305	1841	2
1306	1842	2
1307	1842	3
1308	1842	1
1309	1843	1
1310	1843	2
1311	1843	3
1312	1844	2
1313	1844	1
1314	1844	3
1315	1845	3
1316	1845	2
1317	1845	1
1318	1846	3
1319	1846	1
1320	1846	2
1321	1847	1
1322	1847	2
1323	1847	3
1324	1848	3
1325	1848	1
1326	1848	2
1327	1849	3
1328	1849	2
1329	1849	1
1330	1850	1
1331	1850	2
1332	1850	3
1333	1851	1
1334	1851	3
1335	1851	2
1336	1852	2
1337	1852	3
1338	1852	1
1339	1853	3
1340	1853	1
1341	1853	2
1342	1854	2
1343	1854	1
1344	1854	3
1345	1855	2
1346	1855	1
1347	1855	3
1348	1856	1
1349	1856	2
1350	1856	3
1351	1857	1
1352	1857	2
1353	1857	3
1354	1858	2
1355	1858	1
1356	1858	3
1357	1859	2
1358	1859	3
1359	1859	1
1360	1860	3
1361	1860	1
1362	1860	2
1363	1861	3
1364	1861	2
1365	1861	1
1366	1862	2
1367	1862	3
1368	1862	1
1369	1863	3
1370	1863	2
1371	1863	1
1372	1864	3
1373	1864	1
1374	1864	2
1375	1865	3
1376	1865	1
1377	1865	2
1378	1866	3
1379	1866	1
1380	1866	2
1381	1867	1
1382	1867	3
1383	1867	2
1384	1868	2
1385	1868	3
1386	1868	1
1387	1869	1
1388	1869	2
1389	1869	3
1390	1870	2
1391	1870	1
1392	1870	3
1393	1871	1
1394	1871	2
1395	1871	3
1396	1872	2
1397	1872	3
1398	1872	1
1399	1873	1
1400	1873	2
1401	1873	3
1402	1874	1
1403	1874	2
1404	1874	3
1405	1875	1
1406	1875	3
1407	1875	2
1408	1876	3
1409	1876	1
1410	1876	2
1411	1877	2
1412	1877	3
1413	1877	1
1414	1878	1
1415	1878	3
1416	1878	2
1417	1879	1
1418	1879	3
1419	1879	2
1420	1880	3
1421	1880	2
1422	1880	1
1423	1881	1
1424	1881	2
1425	1881	3
1426	1882	1
1427	1882	2
1428	1882	3
1429	1883	3
1430	1883	1
1431	1883	2
1432	1884	3
1433	1884	1
1434	1884	2
1435	1885	1
1436	1885	3
1437	1885	2
1438	1886	3
1439	1886	1
1440	1886	2
1441	1887	1
1442	1887	2
1443	1887	3
1444	1888	3
1445	1888	1
1446	1888	2
1447	1889	3
1448	1889	2
1449	1889	1
1450	1890	1
1451	1890	3
1452	1890	2
1453	1891	3
1454	1891	1
1455	1891	2
1456	1892	2
1457	1892	3
1458	1892	1
1459	1893	1
1460	1893	3
1461	1893	2
1462	1894	2
1463	1894	1
1464	1894	3
1465	1895	2
1466	1895	3
1467	1895	1
1468	1896	1
1469	1896	2
1470	1896	3
1471	1897	1
1472	1897	2
1473	1897	3
1474	1898	1
1475	1898	2
1476	1898	3
1477	1899	2
1478	1899	3
1479	1899	1
1480	1900	2
1481	1900	3
1482	1900	1
1483	1901	1
1484	1901	2
1485	1901	3
1486	1902	3
1487	1902	1
1488	1902	2
1489	1903	3
1490	1903	2
1491	1903	1
1492	1904	3
1493	1904	1
1494	1904	2
1495	1905	2
1496	1905	1
1497	1905	3
1498	1906	1
1499	1906	2
1500	1906	3
1501	1907	1
1502	1907	2
1503	1907	3
1504	1908	2
1505	1908	1
1506	1908	3
1507	1909	2
1508	1909	1
1509	1909	3
1510	1910	1
1511	1910	2
1512	1910	3
1513	1911	3
1514	1911	2
1515	1911	1
1516	1912	2
1517	1912	1
1518	1912	3
1519	1913	2
1520	1913	3
1521	1913	1
1522	1914	2
1523	1914	1
1524	1914	3
1525	1915	2
1526	1915	1
1527	1915	3
1528	1916	3
1529	1916	2
1530	1916	1
1531	1917	3
1532	1917	2
1533	1917	1
1534	1918	2
1535	1918	1
1536	1918	3
1537	1919	2
1538	1919	3
1539	1919	1
1540	1920	1
1541	1920	3
1542	1920	2
1543	1921	1
1544	1921	3
1545	1921	2
1546	1922	3
1547	1922	2
1548	1922	1
1549	1923	2
1550	1923	3
1551	1923	1
1552	1924	3
1553	1924	2
1554	1924	1
1555	1925	2
1556	1925	1
1557	1925	3
1558	1926	3
1559	1926	2
1560	1926	1
1561	1927	2
1562	1927	3
1563	1927	1
1564	1928	2
1565	1928	3
1566	1928	1
1567	1929	3
1568	1929	2
1569	1929	1
1570	1930	1
1571	1930	3
1572	1930	2
1573	1931	3
1574	1931	2
1575	1931	1
1576	1932	2
1577	1932	3
1578	1932	1
1579	1933	2
1580	1933	1
1581	1933	3
1582	1934	1
1583	1934	2
1584	1934	3
1585	1935	1
1586	1935	2
1587	1935	3
1588	1936	3
1589	1936	1
1590	1936	2
1591	1937	3
1592	1937	1
1593	1937	2
1594	1938	3
1595	1938	2
1596	1938	1
1597	1939	1
1598	1939	3
1599	1939	2
1600	1940	3
1601	1940	1
1602	1940	2
1603	1941	2
1604	1941	3
1605	1941	1
1606	1942	2
1607	1942	3
1608	1942	1
1609	1943	1
1610	1943	3
1611	1943	2
1612	1944	2
1613	1944	1
1614	1944	3
1615	1945	2
1616	1945	3
1617	1945	1
1618	1946	2
1619	1946	3
1620	1946	1
1621	1947	1
1622	1947	2
1623	1947	3
1624	1948	3
1625	1948	2
1626	1948	1
1627	1949	2
1628	1949	1
1629	1949	3
1630	1950	2
1631	1950	1
1632	1950	3
1633	1951	2
1634	1951	3
1635	1951	1
1636	1952	3
1637	1952	1
1638	1952	2
1639	1953	2
1640	1953	3
1641	1953	1
1642	1954	3
1643	1954	1
1644	1954	2
1645	1955	3
1646	1955	1
1647	1955	2
1648	1956	3
1649	1956	1
1650	1956	2
1651	1957	1
1652	1957	3
1653	1957	2
1654	1958	3
1655	1958	1
1656	1958	2
1657	1959	2
1658	1959	3
1659	1959	1
1660	1960	2
1661	1960	3
1662	1960	1
1663	1961	1
1664	1961	3
1665	1961	2
1666	1962	1
1667	1962	3
1668	1962	2
1669	1963	1
1670	1963	3
1671	1963	2
1672	1964	1
1673	1964	3
1674	1964	2
1675	1965	3
1676	1965	1
1677	1965	2
1678	1966	3
1679	1966	1
1680	1966	2
1681	1967	1
1682	1967	3
1683	1967	2
1684	1968	1
1685	1968	3
1686	1968	2
1687	1969	2
1688	1969	1
1689	1969	3
1690	1970	2
1691	1970	3
1692	1970	1
1693	1971	1
1694	1971	3
1695	1971	2
1696	1972	2
1697	1972	1
1698	1972	3
1699	1973	3
1700	1973	2
1701	1973	1
1702	1974	2
1703	1974	3
1704	1974	1
1705	1975	1
1706	1975	3
1707	1975	2
1708	1976	3
1709	1976	2
1710	1976	1
1711	1977	2
1712	1977	3
1713	1977	1
1714	1978	2
1715	1978	1
1716	1978	3
1717	1979	3
1718	1979	1
1719	1979	2
1720	1980	2
1721	1980	1
1722	1980	3
1723	1981	2
1724	1981	1
1725	1981	3
1726	1982	3
1727	1982	1
1728	1982	2
1729	1983	1
1730	1983	2
1731	1983	3
1732	1984	3
1733	1984	2
1734	1984	1
1735	1985	2
1736	1985	3
1737	1985	1
1738	1986	1
1739	1986	2
1740	1986	3
1741	1987	2
1742	1987	3
1743	1987	1
1744	1988	3
1745	1988	1
1746	1988	2
1747	1989	1
1748	1989	2
1749	1989	3
1750	1990	3
1751	1990	2
1752	1990	1
1753	1991	2
1754	1991	3
1755	1991	1
1756	1992	3
1757	1992	1
1758	1992	2
1759	1993	2
1760	1993	3
1761	1993	1
1762	1994	2
1763	1994	1
1764	1994	3
1765	1995	3
1766	1995	1
1767	1995	2
1768	1996	1
1769	1996	2
1770	1996	3
1771	1997	3
1772	1997	1
1773	1997	2
1774	1998	1
1775	1998	2
1776	1998	3
1777	1999	3
1778	1999	1
1779	1999	2
1780	2000	2
1781	2000	1
1782	2000	3
1783	2001	3
1784	2001	1
1785	2001	2
1786	2002	1
1787	2002	3
1788	2002	2
1789	2003	1
1790	2003	2
1791	2003	3
1792	2004	1
1793	2004	3
1794	2004	2
1795	2005	3
1796	2005	2
1797	2005	1
1798	2006	2
1799	2006	3
1800	2006	1
1801	2007	2
1802	2007	1
1803	2007	3
1804	2008	3
1805	2008	2
1806	2008	1
1807	2009	3
1808	2009	1
1809	2009	2
1810	2010	1
1811	2010	2
1812	2010	3
1813	2011	1
1814	2011	3
1815	2011	2
1816	2012	1
1817	2012	2
1818	2012	3
1819	2013	3
1820	2013	1
1821	2013	2
1822	2014	1
1823	2014	3
1824	2014	2
1825	2015	1
1826	2015	3
1827	2015	2
1828	2016	3
1829	2016	1
1830	2016	2
1831	2017	1
1832	2017	2
1833	2017	3
1834	2018	3
1835	2018	1
1836	2018	2
1837	2019	2
1838	2019	1
1839	2019	3
1840	2020	1
1841	2020	2
1842	2020	3
1843	2021	1
1844	2021	2
1845	2021	3
1846	2022	1
1847	2022	3
1848	2022	2
1849	2023	2
1850	2023	3
1851	2023	1
1852	2024	3
1853	2024	2
1854	2024	1
1855	2025	1
1856	2025	2
1857	2025	3
1858	2026	2
1859	2026	1
1860	2026	3
1861	2027	3
1862	2027	1
1863	2027	2
1864	2028	1
1865	2028	2
1866	2028	3
1867	2029	3
1868	2029	2
1869	2029	1
1870	2030	1
1871	2030	3
1872	2030	2
1873	2031	1
1874	2031	3
1875	2031	2
1876	2032	1
1877	2032	3
1878	2032	2
1879	2033	1
1880	2033	2
1881	2033	3
1882	2034	2
1883	2034	3
1884	2034	1
1885	2035	3
1886	2035	1
1887	2035	2
1888	2036	2
1889	2036	3
1890	2036	1
1891	2037	3
1892	2037	2
1893	2037	1
1894	2038	1
1895	2038	2
1896	2038	3
1897	2039	1
1898	2039	2
1899	2039	3
1900	2040	1
1901	2040	3
1902	2040	2
1903	2041	2
1904	2041	3
1905	2041	1
1906	2042	3
1907	2042	2
1908	2042	1
1909	2043	2
1910	2043	1
1911	2043	3
1912	2044	1
1913	2044	2
1914	2044	3
1915	2045	3
1916	2045	2
1917	2045	1
1918	2046	2
1919	2046	1
1920	2046	3
1921	2047	1
1922	2047	2
1923	2047	3
1924	2048	2
1925	2048	1
1926	2048	3
1927	2049	2
1928	2049	1
1929	2049	3
1930	2050	2
1931	2050	1
1932	2050	3
1933	2051	3
1934	2051	2
1935	2051	1
1936	2052	2
1937	2052	3
1938	2052	1
1939	2053	1
1940	2053	3
1941	2053	2
1942	2054	3
1943	2054	1
1944	2054	2
1945	2055	3
1946	2055	1
1947	2055	2
1948	2056	2
1949	2056	3
1950	2056	1
1951	2057	3
1952	2057	2
1953	2057	1
1954	2058	1
1955	2058	3
1956	2058	2
1957	2059	3
1958	2059	1
1959	2059	2
1960	2060	2
1961	2060	1
1962	2060	3
1963	2061	1
1964	2061	2
1965	2061	3
1966	2062	1
1967	2062	2
1968	2062	3
1969	2063	3
1970	2063	2
1971	2063	1
1972	2064	3
1973	2064	1
1974	2064	2
1975	2065	2
1976	2065	1
1977	2065	3
1978	2066	3
1979	2066	2
1980	2066	1
1981	2067	1
1982	2067	3
1983	2067	2
1984	2068	2
1985	2068	1
1986	2068	3
1987	2069	3
1988	2069	2
1989	2069	1
1990	2070	3
1991	2070	2
1992	2070	1
1993	2071	3
1994	2071	1
1995	2071	2
1996	2072	2
1997	2072	3
1998	2072	1
1999	2073	2
2000	2073	1
2001	2073	3
2002	2074	3
2003	2074	2
2004	2074	1
2005	2075	3
2006	2075	2
2007	2075	1
2008	2076	2
2009	2076	3
2010	2076	1
2011	2077	1
2012	2077	3
2013	2077	2
2014	2078	2
2015	2078	3
2016	2078	1
2017	2079	3
2018	2079	1
2019	2079	2
2020	2080	1
2021	2080	3
2022	2080	2
2023	2081	2
2024	2081	1
2025	2081	3
2026	2082	2
2027	2082	3
2028	2082	1
2029	2083	3
2030	2083	1
2031	2083	2
2032	2084	1
2033	2084	3
2034	2084	2
2035	2085	1
2036	2085	2
2037	2085	3
2038	2086	2
2039	2086	1
2040	2086	3
2041	2087	2
2042	2087	3
2043	2087	1
2044	2088	2
2045	2088	3
2046	2088	1
2047	2089	1
2048	2089	2
2049	2089	3
2050	2090	2
2051	2090	1
2052	2090	3
2053	2091	3
2054	2091	1
2055	2091	2
2056	2092	3
2057	2092	1
2058	2092	2
2059	2093	2
2060	2093	1
2061	2093	3
2062	2094	3
2063	2094	1
2064	2094	2
2065	2095	1
2066	2095	3
2067	2095	2
2068	2096	2
2069	2096	1
2070	2096	3
2071	2097	1
2072	2097	3
2073	2097	2
2074	2098	3
2075	2098	1
2076	2098	2
2077	2099	2
2078	2099	3
2079	2099	1
2080	2100	2
2081	2100	1
2082	2100	3
2083	2101	3
2084	2101	2
2085	2101	1
2086	2102	3
2087	2102	1
2088	2102	2
2089	2103	3
2090	2103	2
2091	2103	1
2092	2104	2
2093	2104	1
2094	2104	3
2095	2105	1
2096	2105	3
2097	2105	2
2098	2106	2
2099	2106	1
2100	2106	3
2101	2107	1
2102	2107	2
2103	2107	3
2104	2108	3
2105	2108	1
2106	2108	2
2107	2109	1
2108	2109	2
2109	2109	3
2110	2110	1
2111	2110	3
2112	2110	2
2113	2111	3
2114	2111	1
2115	2111	2
2116	2112	1
2117	2112	3
2118	2112	2
2119	2113	2
2120	2113	1
2121	2113	3
2122	2114	3
2123	2114	2
2124	2114	1
2125	2115	2
2126	2115	3
2127	2115	1
2128	2116	2
2129	2116	3
2130	2116	1
2131	2117	2
2132	2117	3
2133	2117	1
2134	2118	2
2135	2118	1
2136	2118	3
2137	2119	3
2138	2119	2
2139	2119	1
2140	2120	1
2141	2120	2
2142	2120	3
2143	2121	2
2144	2121	3
2145	2121	1
2146	2122	2
2147	2122	3
2148	2122	1
2149	2123	2
2150	2123	1
2151	2123	3
2152	2124	3
2153	2124	1
2154	2124	2
2155	2125	1
2156	2125	3
2157	2125	2
2158	2126	3
2159	2126	1
2160	2126	2
2161	2127	2
2162	2127	1
2163	2127	3
2164	2128	3
2165	2128	2
2166	2128	1
2167	2129	2
2168	2129	3
2169	2129	1
2170	2130	1
2171	2130	3
2172	2130	2
2173	2131	3
2174	2131	1
2175	2131	2
2176	2132	3
2177	2132	2
2178	2132	1
2179	2133	2
2180	2133	3
2181	2133	1
2182	2134	2
2183	2134	3
2184	2134	1
2185	2135	1
2186	2135	3
2187	2135	2
2188	2136	3
2189	2136	2
2190	2136	1
2191	2137	1
2192	2137	3
2193	2137	2
2194	2138	2
2195	2138	3
2196	2138	1
2197	2139	2
2198	2139	1
2199	2139	3
2200	2140	3
2201	2140	1
2202	2140	2
2203	2141	3
2204	2141	1
2205	2141	2
2206	2142	1
2207	2142	2
2208	2142	3
2209	2143	2
2210	2143	3
2211	2143	1
2212	2144	3
2213	2144	2
2214	2144	1
2215	2145	1
2216	2145	3
2217	2145	2
2218	2146	3
2219	2146	1
2220	2146	2
2221	2147	2
2222	2147	3
2223	2147	1
2224	2148	2
2225	2148	1
2226	2148	3
2227	2149	3
2228	2149	2
2229	2149	1
2230	2150	1
2231	2150	3
2232	2150	2
2233	2151	2
2234	2151	3
2235	2151	1
2236	2152	2
2237	2152	3
2238	2152	1
2239	2153	1
2240	2153	3
2241	2153	2
2242	2154	2
2243	2154	3
2244	2154	1
2245	2155	1
2246	2155	3
2247	2155	2
2248	2156	1
2249	2156	3
2250	2156	2
2251	2157	2
2252	2157	1
2253	2157	3
2254	2158	1
2255	2158	3
2256	2158	2
2257	2159	1
2258	2159	3
2259	2159	2
2260	2160	1
2261	2160	3
2262	2160	2
2263	2161	2
2264	2161	1
2265	2161	3
2266	2162	1
2267	2162	2
2268	2162	3
2269	2163	2
2270	2163	3
2271	2163	1
2272	2164	2
2273	2164	3
2274	2164	1
2275	2165	3
2276	2165	2
2277	2165	1
2278	2166	2
2279	2166	1
2280	2166	3
2281	2167	2
2282	2167	3
2283	2167	1
2284	2168	2
2285	2168	1
2286	2168	3
2287	2169	1
2288	2169	2
2289	2169	3
2290	2170	3
2291	2170	1
2292	2170	2
2293	2171	2
2294	2171	3
2295	2171	1
2296	2172	1
2297	2172	3
2298	2172	2
2299	2173	2
2300	2173	1
2301	2173	3
2302	2174	1
2303	2174	3
2304	2174	2
2305	2175	1
2306	2175	2
2307	2175	3
2308	2176	1
2309	2176	2
2310	2176	3
2311	2177	1
2312	2177	3
2313	2177	2
2314	2178	3
2315	2178	2
2316	2178	1
2317	2179	3
2318	2179	2
2319	2179	1
2320	2180	2
2321	2180	1
2322	2180	3
2323	2181	1
2324	2181	2
2325	2181	3
2326	2182	2
2327	2182	1
2328	2182	3
2329	2183	1
2330	2183	2
2331	2183	3
2332	2184	2
2333	2184	3
2334	2184	1
2335	2185	1
2336	2185	2
2337	2185	3
2338	2186	3
2339	2186	2
2340	2186	1
2341	2187	2
2342	2187	3
2343	2187	1
2344	2188	1
2345	2188	3
2346	2188	2
2347	2189	2
2348	2189	1
2349	2189	3
2350	2190	1
2351	2190	2
2352	2190	3
2353	2191	2
2354	2191	3
2355	2191	1
2356	2192	2
2357	2192	1
2358	2192	3
2359	2193	3
2360	2193	2
2361	2193	1
2362	2194	2
2363	2194	3
2364	2194	1
2365	2195	1
2366	2195	3
2367	2195	2
2368	2196	3
2369	2196	2
2370	2196	1
2371	2197	1
2372	2197	3
2373	2197	2
2374	2198	1
2375	2198	3
2376	2198	2
2377	2199	1
2378	2199	2
2379	2199	3
2380	2200	3
2381	2200	1
2382	2200	2
2383	2201	2
2384	2201	1
2385	2201	3
2386	2202	3
2387	2202	1
2388	2202	2
2389	2203	2
2390	2203	1
2391	2203	3
2392	2204	3
2393	2204	2
2394	2204	1
2395	2205	2
2396	2205	3
2397	2205	1
2398	2206	2
2399	2206	1
2400	2206	3
2401	2207	1
2402	2207	2
2403	2207	3
2404	2208	1
2405	2208	3
2406	2208	2
2407	2209	2
2408	2209	3
2409	2209	1
2410	2210	1
2411	2210	3
2412	2210	2
2413	2211	3
2414	2211	2
2415	2211	1
2416	2212	1
2417	2212	3
2418	2212	2
2419	2213	1
2420	2213	2
2421	2213	3
2422	2214	1
2423	2214	2
2424	2214	3
2425	2215	1
2426	2215	2
2427	2215	3
2428	2216	3
2429	2216	2
2430	2216	1
2431	2217	1
2432	2217	3
2433	2217	2
2434	2218	1
2435	2218	3
2436	2218	2
2437	2219	3
2438	2219	1
2439	2219	2
2440	2220	1
2441	2220	3
2442	2220	2
2443	2221	3
2444	2221	1
2445	2221	2
2446	2222	2
2447	2222	3
2448	2222	1
2449	2223	1
2450	2223	3
2451	2223	2
2452	2224	3
2453	2224	1
2454	2224	2
2455	2225	2
2456	2225	3
2457	2225	1
2458	2226	1
2459	2226	3
2460	2226	2
2461	2227	1
2462	2227	2
2463	2227	3
2464	2228	2
2465	2228	1
2466	2228	3
2467	2229	3
2468	2229	1
2469	2229	2
2470	2230	1
2471	2230	3
2472	2230	2
2473	2231	1
2474	2231	2
2475	2231	3
2476	2232	1
2477	2232	2
2478	2232	3
2479	2233	3
2480	2233	1
2481	2233	2
2482	2234	1
2483	2234	3
2484	2234	2
2485	2235	1
2486	2235	2
2487	2235	3
2488	2236	1
2489	2236	3
2490	2236	2
2491	2237	3
2492	2237	2
2493	2237	1
2494	2238	1
2495	2238	3
2496	2238	2
2497	2239	1
2498	2239	3
2499	2239	2
2500	2240	1
2501	2240	3
2502	2240	2
2503	2241	1
2504	2241	3
2505	2241	2
2506	2242	1
2507	2242	3
2508	2242	2
2509	2243	2
2510	2243	1
2511	2243	3
2512	2244	3
2513	2244	1
2514	2244	2
2515	2245	1
2516	2245	3
2517	2245	2
2518	2246	3
2519	2246	2
2520	2246	1
2521	2247	1
2522	2247	3
2523	2247	2
2524	2248	2
2525	2248	1
2526	2248	3
2527	2249	3
2528	2249	1
2529	2249	2
2530	2250	2
2531	2250	1
2532	2250	3
2533	2251	1
2534	2251	3
2535	2251	2
2536	2252	3
2537	2252	1
2538	2252	2
2539	2253	1
2540	2253	3
2541	2253	2
2542	2254	1
2543	2254	2
2544	2254	3
2545	2255	2
2546	2255	1
2547	2255	3
2548	2256	3
2549	2256	1
2550	2256	2
2551	2257	2
2552	2257	3
2553	2257	1
2554	2258	3
2555	2258	2
2556	2258	1
2557	2259	3
2558	2259	1
2559	2259	2
2560	2260	3
2561	2260	2
2562	2260	1
2563	2261	1
2564	2261	3
2565	2261	2
2566	2262	2
2567	2262	3
2568	2262	1
2569	2263	2
2570	2263	1
2571	2263	3
2572	2264	3
2573	2264	2
2574	2264	1
2575	2265	2
2576	2265	3
2577	2265	1
2578	2266	3
2579	2266	2
2580	2266	1
2581	2267	2
2582	2267	1
2583	2267	3
2584	2268	2
2585	2268	3
2586	2268	1
2587	2269	1
2588	2269	2
2589	2269	3
2590	2270	1
2591	2270	3
2592	2270	2
2593	2271	1
2594	2271	3
2595	2271	2
2596	2272	2
2597	2272	1
2598	2272	3
2599	2273	3
2600	2273	2
2601	2273	1
2602	2274	2
2603	2274	1
2604	2274	3
2605	2275	1
2606	2275	2
2607	2275	3
2608	2276	2
2609	2276	1
2610	2276	3
2611	2277	1
2612	2277	3
2613	2277	2
2614	2278	2
2615	2278	3
2616	2278	1
2617	2279	3
2618	2279	2
2619	2279	1
2620	2280	1
2621	2280	2
2622	2280	3
2623	2281	3
2624	2281	1
2625	2281	2
2626	2282	2
2627	2282	1
2628	2282	3
2629	2283	3
2630	2283	2
2631	2283	1
2632	2284	2
2633	2284	3
2634	2284	1
2635	2285	2
2636	2285	1
2637	2285	3
2638	2286	2
2639	2286	3
2640	2286	1
2641	2287	2
2642	2287	1
2643	2287	3
2644	2288	1
2645	2288	3
2646	2288	2
2647	2289	2
2648	2289	3
2649	2289	1
2650	2290	1
2651	2290	3
2652	2290	2
2653	2291	3
2654	2291	1
2655	2291	2
2656	2292	2
2657	2292	3
2658	2292	1
2659	2293	3
2660	2293	1
2661	2293	2
2662	2294	1
2663	2294	3
2664	2294	2
2665	2295	1
2666	2295	2
2667	2295	3
2668	2296	3
2669	2296	1
2670	2296	2
2671	2297	2
2672	2297	3
2673	2297	1
2674	2298	3
2675	2298	1
2676	2298	2
2677	2299	2
2678	2299	1
2679	2299	3
2680	2300	3
2681	2300	2
2682	2300	1
2683	2301	2
2684	2301	1
2685	2301	3
2686	2302	3
2687	2302	1
2688	2302	2
2689	2303	3
2690	2303	2
2691	2303	1
2692	2304	3
2693	2304	2
2694	2304	1
2695	2305	1
2696	2305	2
2697	2305	3
2698	2306	3
2699	2306	2
2700	2306	1
2701	2307	1
2702	2307	2
2703	2307	3
2704	2308	1
2705	2308	2
2706	2308	3
2707	2309	3
2708	2309	1
2709	2309	2
2710	2310	3
2711	2310	1
2712	2310	2
2713	2311	3
2714	2311	1
2715	2311	2
2716	2312	3
2717	2312	1
2718	2312	2
2719	2313	1
2720	2313	2
2721	2313	3
2722	2314	3
2723	2314	2
2724	2314	1
2725	2315	2
2726	2315	3
2727	2315	1
2728	2316	2
2729	2316	1
2730	2316	3
2731	2317	1
2732	2317	2
2733	2317	3
2734	2318	3
2735	2318	2
2736	2318	1
2737	2319	2
2738	2319	3
2739	2319	1
2740	2320	2
2741	2320	3
2742	2320	1
2743	2321	3
2744	2321	2
2745	2321	1
2746	2322	2
2747	2322	1
2748	2322	3
2749	2323	1
2750	2323	3
2751	2323	2
2752	2324	1
2753	2324	3
2754	2324	2
2755	2325	2
2756	2325	1
2757	2325	3
2758	2326	3
2759	2326	1
2760	2326	2
2761	2327	2
2762	2327	1
2763	2327	3
2764	2328	1
2765	2328	3
2766	2328	2
2767	2329	2
2768	2329	1
2769	2329	3
2770	2330	1
2771	2330	3
2772	2330	2
2773	2331	2
2774	2331	1
2775	2331	3
2776	2332	2
2777	2332	1
2778	2332	3
2779	2333	1
2780	2333	2
2781	2333	3
2782	2334	3
2783	2334	1
2784	2334	2
2785	2335	3
2786	2335	1
2787	2335	2
2788	2336	3
2789	2336	1
2790	2336	2
2791	2337	1
2792	2337	2
2793	2337	3
2794	2338	1
2795	2338	3
2796	2338	2
2797	2339	2
2798	2339	1
2799	2339	3
2800	2340	3
2801	2340	1
2802	2340	2
2803	2341	1
2804	2341	2
2805	2341	3
2806	2342	3
2807	2342	2
2808	2342	1
2809	2343	2
2810	2343	1
2811	2343	3
2812	2344	2
2813	2344	1
2814	2344	3
2815	2345	1
2816	2345	2
2817	2345	3
2818	2346	1
2819	2346	3
2820	2346	2
2821	2347	2
2822	2347	1
2823	2347	3
2824	2348	3
2825	2348	1
2826	2348	2
2827	2349	3
2828	2349	2
2829	2349	1
2830	2350	1
2831	2350	3
2832	2350	2
2833	2351	1
2834	2351	2
2835	2351	3
2836	2352	2
2837	2352	1
2838	2352	3
2839	2353	1
2840	2353	2
2841	2353	3
2842	2354	1
2843	2354	3
2844	2354	2
2845	2355	2
2846	2355	1
2847	2355	3
2848	2356	2
2849	2356	1
2850	2356	3
2851	2357	2
2852	2357	1
2853	2357	3
2854	2358	1
2855	2358	2
2856	2358	3
2857	2359	3
2858	2359	1
2859	2359	2
2860	2360	3
2861	2360	2
2862	2360	1
2863	2361	3
2864	2361	2
2865	2361	1
2866	2362	1
2867	2362	3
2868	2362	2
2869	2363	3
2870	2363	1
2871	2363	2
2872	2364	2
2873	2364	1
2874	2364	3
2875	2365	3
2876	2365	1
2877	2365	2
2878	2366	1
2879	2366	3
2880	2366	2
2881	2367	1
2882	2367	2
2883	2367	3
2884	2368	3
2885	2368	2
2886	2368	1
2887	2369	1
2888	2369	2
2889	2369	3
2890	2370	2
2891	2370	3
2892	2370	1
2893	2371	1
2894	2371	3
2895	2371	2
2896	2372	2
2897	2372	3
2898	2372	1
2899	2373	2
2900	2373	1
2901	2373	3
2902	2374	2
2903	2374	3
2904	2374	1
2905	2375	1
2906	2375	3
2907	2375	2
2908	2376	3
2909	2376	2
2910	2376	1
2911	2377	2
2912	2377	3
2913	2377	1
2914	2378	3
2915	2378	1
2916	2378	2
2917	2379	1
2918	2379	2
2919	2379	3
2920	2380	1
2921	2380	3
2922	2380	2
2923	2381	1
2924	2381	3
2925	2381	2
2926	2382	2
2927	2382	3
2928	2382	1
2929	2383	2
2930	2383	1
2931	2383	3
2932	2384	2
2933	2384	3
2934	2384	1
2935	2385	3
2936	2385	1
2937	2385	2
2938	2386	3
2939	2386	2
2940	2386	1
2941	2387	3
2942	2387	2
2943	2387	1
2944	2388	1
2945	2388	3
2946	2388	2
2947	2389	3
2948	2389	1
2949	2389	2
2950	2390	1
2951	2390	2
2952	2390	3
2953	2391	1
2954	2391	3
2955	2391	2
2956	2392	2
2957	2392	3
2958	2392	1
2959	2393	1
2960	2393	2
2961	2393	3
2962	2394	2
2963	2394	1
2964	2394	3
2965	2395	2
2966	2395	3
2967	2395	1
2968	2396	2
2969	2396	1
2970	2396	3
2971	2397	1
2972	2397	3
2973	2397	2
2974	2398	3
2975	2398	2
2976	2398	1
2977	2399	3
2978	2399	2
2979	2399	1
2980	2400	1
2981	2400	2
2982	2400	3
2983	2401	3
2984	2401	2
2985	2401	1
2986	2402	1
2987	2402	3
2988	2402	2
2989	2403	3
2990	2403	1
2991	2403	2
2992	2404	3
2993	2404	1
2994	2404	2
2995	2405	2
2996	2405	1
2997	2405	3
2998	2406	1
2999	2406	2
3000	2406	3
3001	2407	2
3002	2407	3
3003	2407	1
3004	2408	2
3005	2408	3
3006	2408	1
3007	2409	3
3008	2409	2
3009	2409	1
3010	2410	3
3011	2410	2
3012	2410	1
3013	2411	3
3014	2411	1
3015	2411	2
3016	2412	2
3017	2412	3
3018	2412	1
3019	2413	3
3020	2413	2
3021	2413	1
3022	2414	2
3023	2414	3
3024	2414	1
3025	2415	2
3026	2415	1
3027	2415	3
3028	2416	3
3029	2416	1
3030	2416	2
3031	2417	1
3032	2417	3
3033	2417	2
3034	2418	1
3035	2418	2
3036	2418	3
3037	2419	1
3038	2419	3
3039	2419	2
3040	2420	2
3041	2420	1
3042	2420	3
3043	2421	1
3044	2421	3
3045	2421	2
3046	2422	2
3047	2422	3
3048	2422	1
3049	2423	2
3050	2423	1
3051	2423	3
3052	2424	1
3053	2424	2
3054	2424	3
3055	2425	1
3056	2425	3
3057	2425	2
3058	2426	3
3059	2426	1
3060	2426	2
3061	2427	3
3062	2427	2
3063	2427	1
3064	2428	3
3065	2428	2
3066	2428	1
3067	2429	3
3068	2429	1
3069	2429	2
3070	2430	3
3071	2430	1
3072	2430	2
3073	2431	1
3074	2431	3
3075	2431	2
3076	2432	1
3077	2432	3
3078	2432	2
3079	2433	2
3080	2433	1
3081	2433	3
3082	2434	1
3083	2434	2
3084	2434	3
3085	2435	3
3086	2435	1
3087	2435	2
3088	2436	3
3089	2436	2
3090	2436	1
3091	2437	3
3092	2437	1
3093	2437	2
3094	2438	1
3095	2438	2
3096	2438	3
3097	2439	1
3098	2439	3
3099	2439	2
3100	2440	1
3101	2440	2
3102	2440	3
3103	2441	2
3104	2441	3
3105	2441	1
3106	2442	3
3107	2442	1
3108	2442	2
3109	2443	2
3110	2443	1
3111	2443	3
3112	2444	1
3113	2444	3
3114	2444	2
3115	2445	3
3116	2445	1
3117	2445	2
3118	2446	1
3119	2446	3
3120	2446	2
3121	2447	3
3122	2447	2
3123	2447	1
3124	2448	3
3125	2448	1
3126	2448	2
3127	2449	3
3128	2449	1
3129	2449	2
3130	2450	2
3131	2450	1
3132	2450	3
3133	2451	2
3134	2451	3
3135	2451	1
3136	2452	2
3137	2452	3
3138	2452	1
3139	2453	1
3140	2453	2
3141	2453	3
3142	2454	1
3143	2454	3
3144	2454	2
3145	2455	3
3146	2455	1
3147	2455	2
3148	2456	3
3149	2456	2
3150	2456	1
3151	2457	1
3152	2457	3
3153	2457	2
3154	2458	2
3155	2458	3
3156	2458	1
3157	2459	2
3158	2459	3
3159	2459	1
3160	2460	1
3161	2460	3
3162	2460	2
3163	2461	1
3164	2461	2
3165	2461	3
3166	2462	2
3167	2462	1
3168	2462	3
3169	2463	1
3170	2463	2
3171	2463	3
3172	2464	1
3173	2464	2
3174	2464	3
3175	2465	1
3176	2465	2
3177	2465	3
3178	2466	1
3179	2466	3
3180	2466	2
3181	2467	1
3182	2467	3
3183	2467	2
3184	2468	1
3185	2468	2
3186	2468	3
3187	2469	2
3188	2469	3
3189	2469	1
3190	2470	3
3191	2470	1
3192	2470	2
3193	2471	2
3194	2471	1
3195	2471	3
3196	2472	3
3197	2472	2
3198	2472	1
3199	2473	3
3200	2473	1
3201	2473	2
3202	2474	2
3203	2474	1
3204	2474	3
3205	2475	1
3206	2475	3
3207	2475	2
3208	2476	3
3209	2476	1
3210	2476	2
3211	2477	1
3212	2477	2
3213	2477	3
3214	2478	2
3215	2478	1
3216	2478	3
3217	2479	1
3218	2479	3
3219	2479	2
3220	2480	2
3221	2480	1
3222	2480	3
3223	2481	2
3224	2481	1
3225	2481	3
3226	2482	2
3227	2482	3
3228	2482	1
3229	2483	3
3230	2483	2
3231	2483	1
3232	2484	2
3233	2484	3
3234	2484	1
3235	2485	1
3236	2485	2
3237	2485	3
3238	2486	3
3239	2486	2
3240	2486	1
3241	2487	3
3242	2487	1
3243	2487	2
3244	2488	1
3245	2488	3
3246	2488	2
3247	2489	3
3248	2489	2
3249	2489	1
3250	2490	1
3251	2490	2
3252	2490	3
3253	2491	1
3254	2491	3
3255	2491	2
3256	2492	2
3257	2492	3
3258	2492	1
3259	2493	3
3260	2493	2
3261	2493	1
3262	2494	1
3263	2494	3
3264	2494	2
3265	2495	2
3266	2495	1
3267	2495	3
3268	2496	2
3269	2496	3
3270	2496	1
3271	2497	3
3272	2497	2
3273	2497	1
3274	2498	2
3275	2498	3
3276	2498	1
3277	2499	2
3278	2499	1
3279	2499	3
3280	2500	2
3281	2500	1
3282	2500	3
3283	2501	2
3284	2501	1
3285	2501	3
3286	2502	1
3287	2502	2
3288	2502	3
3289	2503	2
3290	2503	3
3291	2503	1
3292	2504	3
3293	2504	2
3294	2504	1
3295	2505	3
3296	2505	2
3297	2505	1
3298	2506	1
3299	2506	3
3300	2506	2
3301	2507	3
3302	2507	2
3303	2507	1
3304	2508	3
3305	2508	1
3306	2508	2
3307	2509	3
3308	2509	2
3309	2509	1
3310	2510	3
3311	2510	2
3312	2510	1
3313	2511	1
3314	2511	2
3315	2511	3
3316	2512	3
3317	2512	1
3318	2512	2
3319	2513	1
3320	2513	2
3321	2513	3
3322	2514	2
3323	2514	3
3324	2514	1
3325	2515	1
3326	2515	2
3327	2515	3
3328	2516	3
3329	2516	2
3330	2516	1
3331	2517	1
3332	2517	2
3333	2517	3
3334	2518	2
3335	2518	1
3336	2518	3
3337	2519	1
3338	2519	2
3339	2519	3
3340	2520	3
3341	2520	2
3342	2520	1
3343	2521	2
3344	2521	3
3345	2521	1
3346	2522	1
3347	2522	2
3348	2522	3
3349	2523	2
3350	2523	1
3351	2523	3
3352	2524	1
3353	2524	3
3354	2524	2
3355	2525	1
3356	2525	2
3357	2525	3
3358	2526	3
3359	2526	2
3360	2526	1
3361	2527	1
3362	2527	3
3363	2527	2
3364	2528	3
3365	2528	1
3366	2528	2
3367	2529	3
3368	2529	2
3369	2529	1
3370	2530	1
3371	2530	3
3372	2530	2
3373	2531	2
3374	2531	1
3375	2531	3
3376	2532	3
3377	2532	1
3378	2532	2
3379	2533	3
3380	2533	2
3381	2533	1
3382	2534	1
3383	2534	2
3384	2534	3
3385	2535	3
3386	2535	1
3387	2535	2
3388	2536	3
3389	2536	2
3390	2536	1
3391	2537	1
3392	2537	2
3393	2537	3
3394	2538	3
3395	2538	1
3396	2538	2
3397	2539	3
3398	2539	2
3399	2539	1
3400	2540	1
3401	2540	2
3402	2540	3
3403	2541	2
3404	2541	1
3405	2541	3
3406	2542	2
3407	2542	3
3408	2542	1
3409	2543	2
3410	2543	1
3411	2543	3
3412	2544	2
3413	2544	1
3414	2544	3
3415	2545	1
3416	2545	3
3417	2545	2
3418	2546	3
3419	2546	2
3420	2546	1
3421	2547	3
3422	2547	1
3423	2547	2
3424	2548	2
3425	2548	1
3426	2548	3
3427	2549	1
3428	2549	2
3429	2549	3
3430	2550	2
3431	2550	1
3432	2550	3
3433	2551	1
3434	2551	3
3435	2551	2
3436	2552	3
3437	2552	2
3438	2552	1
3439	2553	1
3440	2553	3
3441	2553	2
3442	2554	1
3443	2554	2
3444	2554	3
3445	2555	3
3446	2555	1
3447	2555	2
3448	2556	1
3449	2556	2
3450	2556	3
3451	2557	3
3452	2557	2
3453	2557	1
3454	2558	1
3455	2558	3
3456	2558	2
3457	2559	1
3458	2559	3
3459	2559	2
3460	2560	2
3461	2560	1
3462	2560	3
3463	2561	1
3464	2561	2
3465	2561	3
3466	2562	3
3467	2562	2
3468	2562	1
3469	2563	2
3470	2563	1
3471	2563	3
3472	2564	2
3473	2564	3
3474	2564	1
3475	2565	2
3476	2565	1
3477	2565	3
3478	2566	2
3479	2566	3
3480	2566	1
3481	2567	2
3482	2567	3
3483	2567	1
3484	2568	3
3485	2568	2
3486	2568	1
3487	2569	3
3488	2569	1
3489	2569	2
3490	2570	3
3491	2570	1
3492	2570	2
3493	2571	3
3494	2571	1
3495	2571	2
3496	2572	3
3497	2572	1
3498	2572	2
3499	2573	3
3500	2573	1
3501	2573	2
3502	2574	2
3503	2574	3
3504	2574	1
3505	2575	3
3506	2575	2
3507	2575	1
3508	2576	1
3509	2576	3
3510	2576	2
3511	2577	3
3512	2577	2
3513	2577	1
3514	2578	2
3515	2578	3
3516	2578	1
3517	2579	2
3518	2579	1
3519	2579	3
3520	2580	1
3521	2580	2
3522	2580	3
3523	2581	3
3524	2581	1
3525	2581	2
3526	2582	2
3527	2582	1
3528	2582	3
3529	2583	3
3530	2583	1
3531	2583	2
3532	2584	1
3533	2584	3
3534	2584	2
3535	2585	2
3536	2585	3
3537	2585	1
3538	2586	1
3539	2586	2
3540	2586	3
3541	2587	2
3542	2587	1
3543	2587	3
3544	2588	2
3545	2588	1
3546	2588	3
3547	2589	1
3548	2589	3
3549	2589	2
3550	2590	2
3551	2590	1
3552	2590	3
3553	2591	3
3554	2591	2
3555	2591	1
3556	2592	2
3557	2592	3
3558	2592	1
3559	2593	1
3560	2593	3
3561	2593	2
3562	2594	1
3563	2594	3
3564	2594	2
3565	2595	3
3566	2595	1
3567	2595	2
3568	2596	3
3569	2596	2
3570	2596	1
3571	2597	2
3572	2597	1
3573	2597	3
3574	2598	2
3575	2598	3
3576	2598	1
3577	2599	2
3578	2599	1
3579	2599	3
3580	2600	2
3581	2600	3
3582	2600	1
3583	2601	2
3584	2601	3
3585	2601	1
3586	2602	1
3587	2602	2
3588	2602	3
3589	2603	3
3590	2603	1
3591	2603	2
3592	2604	2
3593	2604	1
3594	2604	3
3595	2605	3
3596	2605	2
3597	2605	1
3598	2606	2
3599	2606	1
3600	2606	3
3601	2607	2
3602	2607	3
3603	2607	1
3604	2608	3
3605	2608	1
3606	2608	2
3607	2609	3
3608	2609	1
3609	2609	2
3610	2610	1
3611	2610	2
3612	2610	3
3613	2611	3
3614	2611	2
3615	2611	1
3616	2612	2
3617	2612	3
3618	2612	1
3619	2613	1
3620	2613	3
3621	2613	2
3622	2614	2
3623	2614	1
3624	2614	3
3625	2615	1
3626	2615	3
3627	2615	2
3628	2616	2
3629	2616	1
3630	2616	3
3631	2617	3
3632	2617	1
3633	2617	2
3634	2618	1
3635	2618	2
3636	2618	3
3637	2619	1
3638	2619	2
3639	2619	3
3640	2620	2
3641	2620	3
3642	2620	1
3643	2621	1
3644	2621	2
3645	2621	3
3646	2622	2
3647	2622	3
3648	2622	1
3649	2623	2
3650	2623	1
3651	2623	3
3652	2624	1
3653	2624	3
3654	2624	2
3655	2625	1
3656	2625	2
3657	2625	3
3658	2626	1
3659	2626	3
3660	2626	2
3661	2627	3
3662	2627	2
3663	2627	1
3664	2628	1
3665	2628	2
3666	2628	3
3667	2629	1
3668	2629	2
3669	2629	3
3670	2630	2
3671	2630	3
3672	2630	1
3673	2631	3
3674	2631	1
3675	2631	2
3676	2632	3
3677	2632	1
3678	2632	2
3679	2633	3
3680	2633	1
3681	2633	2
3682	2634	3
3683	2634	1
3684	2634	2
3685	2635	2
3686	2635	1
3687	2635	3
\.


--
-- Data for Name: users; Type: TABLE DATA; Schema: public; Owner: ekatte
--

COPY public.users (id, name, username, email, password, verified, create_date) FROM stdin;
79	Александър2 Узунов	aiuzunov10681	diktatoramc@abv.bg	$2a$08$ketxWzexEj0gTqzZh6Y8muhxh3vaKAD8.Y7wagudxExgxo4mIHssu	t	2020-06-22 23:13:41
82	Александър Узунов	testovoime123	alex.uz+2@hackerschool-bg.com	$2a$08$09Ms7V6032jler6vyaUt1.bTjocegmpl0CH4AuSXR.h7v4q4HAZ2.	t	2020-06-22 23:13:41
13	Александър Узунов	uzi	aleksandar.i.uzunov@gmail.com	aleksan99	t	2020-06-22 23:13:41
\.


--
-- Name: addresses_id_seq; Type: SEQUENCE SET; Schema: public; Owner: ekatte
--

SELECT pg_catalog.setval('public.addresses_id_seq', 44, true);


--
-- Name: cart_items_id_seq; Type: SEQUENCE SET; Schema: public; Owner: ekatte
--

SELECT pg_catalog.setval('public.cart_items_id_seq', 77, true);


--
-- Name: currencies_id_seq; Type: SEQUENCE SET; Schema: public; Owner: ekatte
--

SELECT pg_catalog.setval('public.currencies_id_seq', 1, true);


--
-- Name: employees_id_seq; Type: SEQUENCE SET; Schema: public; Owner: ekatte
--

SELECT pg_catalog.setval('public.employees_id_seq', 2, true);


--
-- Name: order_items_id_seq; Type: SEQUENCE SET; Schema: public; Owner: ekatte
--

SELECT pg_catalog.setval('public.order_items_id_seq', 30, true);


--
-- Name: orders_id_seq; Type: SEQUENCE SET; Schema: public; Owner: ekatte
--

SELECT pg_catalog.setval('public.orders_id_seq', 19, true);


--
-- Name: payments_id_seq; Type: SEQUENCE SET; Schema: public; Owner: ekatte
--

SELECT pg_catalog.setval('public.payments_id_seq', 26, true);


--
-- Name: products_details_id_seq; Type: SEQUENCE SET; Schema: public; Owner: ekatte
--

SELECT pg_catalog.setval('public.products_details_id_seq', 1, false);


--
-- Name: products_id_seq; Type: SEQUENCE SET; Schema: public; Owner: ekatte
--

SELECT pg_catalog.setval('public.products_id_seq', 2635, true);


--
-- Name: tags_id_seq; Type: SEQUENCE SET; Schema: public; Owner: ekatte
--

SELECT pg_catalog.setval('public.tags_id_seq', 6, true);


--
-- Name: tags_products_id_seq; Type: SEQUENCE SET; Schema: public; Owner: ekatte
--

SELECT pg_catalog.setval('public.tags_products_id_seq', 3687, true);


--
-- Name: users_id_seq; Type: SEQUENCE SET; Schema: public; Owner: ekatte
--

SELECT pg_catalog.setval('public.users_id_seq', 91, true);


--
-- Name: addresses addresses_pkey; Type: CONSTRAINT; Schema: public; Owner: ekatte
--

ALTER TABLE ONLY public.addresses
    ADD CONSTRAINT addresses_pkey PRIMARY KEY (id);


--
-- Name: cart_items cart_items_pkey; Type: CONSTRAINT; Schema: public; Owner: ekatte
--

ALTER TABLE ONLY public.cart_items
    ADD CONSTRAINT cart_items_pkey PRIMARY KEY (id);


--
-- Name: currencies currencies_currency_id_key; Type: CONSTRAINT; Schema: public; Owner: ekatte
--

ALTER TABLE ONLY public.currencies
    ADD CONSTRAINT currencies_currency_id_key UNIQUE (currency_id);


--
-- Name: currencies currencies_pkey; Type: CONSTRAINT; Schema: public; Owner: ekatte
--

ALTER TABLE ONLY public.currencies
    ADD CONSTRAINT currencies_pkey PRIMARY KEY (id);


--
-- Name: employees employees_email_key; Type: CONSTRAINT; Schema: public; Owner: ekatte
--

ALTER TABLE ONLY public.employees
    ADD CONSTRAINT employees_email_key UNIQUE (email);


--
-- Name: employees employees_pkey; Type: CONSTRAINT; Schema: public; Owner: ekatte
--

ALTER TABLE ONLY public.employees
    ADD CONSTRAINT employees_pkey PRIMARY KEY (id);


--
-- Name: order_items order_items_pkey; Type: CONSTRAINT; Schema: public; Owner: ekatte
--

ALTER TABLE ONLY public.order_items
    ADD CONSTRAINT order_items_pkey PRIMARY KEY (id);


--
-- Name: orders orders_pkey; Type: CONSTRAINT; Schema: public; Owner: ekatte
--

ALTER TABLE ONLY public.orders
    ADD CONSTRAINT orders_pkey PRIMARY KEY (id);


--
-- Name: payments payments_paymentid_key; Type: CONSTRAINT; Schema: public; Owner: ekatte
--

ALTER TABLE ONLY public.payments
    ADD CONSTRAINT payments_paymentid_key UNIQUE (paymentid);


--
-- Name: payments payments_pkey; Type: CONSTRAINT; Schema: public; Owner: ekatte
--

ALTER TABLE ONLY public.payments
    ADD CONSTRAINT payments_pkey PRIMARY KEY (id);


--
-- Name: products_details products_details_pkey; Type: CONSTRAINT; Schema: public; Owner: ekatte
--

ALTER TABLE ONLY public.products_details
    ADD CONSTRAINT products_details_pkey PRIMARY KEY (id);


--
-- Name: products products_name_key; Type: CONSTRAINT; Schema: public; Owner: ekatte
--

ALTER TABLE ONLY public.products
    ADD CONSTRAINT products_name_key UNIQUE (name);


--
-- Name: products products_pkey; Type: CONSTRAINT; Schema: public; Owner: ekatte
--

ALTER TABLE ONLY public.products
    ADD CONSTRAINT products_pkey PRIMARY KEY (id);


--
-- Name: tags tags_name_key; Type: CONSTRAINT; Schema: public; Owner: ekatte
--

ALTER TABLE ONLY public.tags
    ADD CONSTRAINT tags_name_key UNIQUE (name);


--
-- Name: tags tags_pkey; Type: CONSTRAINT; Schema: public; Owner: ekatte
--

ALTER TABLE ONLY public.tags
    ADD CONSTRAINT tags_pkey PRIMARY KEY (id);


--
-- Name: tags_products tags_products_pkey; Type: CONSTRAINT; Schema: public; Owner: ekatte
--

ALTER TABLE ONLY public.tags_products
    ADD CONSTRAINT tags_products_pkey PRIMARY KEY (product_id, tag_id);


--
-- Name: users users_email_key; Type: CONSTRAINT; Schema: public; Owner: ekatte
--

ALTER TABLE ONLY public.users
    ADD CONSTRAINT users_email_key UNIQUE (email);


--
-- Name: users users_pkey; Type: CONSTRAINT; Schema: public; Owner: ekatte
--

ALTER TABLE ONLY public.users
    ADD CONSTRAINT users_pkey PRIMARY KEY (id);


--
-- Name: addresses addresses_user_id_fkey; Type: FK CONSTRAINT; Schema: public; Owner: ekatte
--

ALTER TABLE ONLY public.addresses
    ADD CONSTRAINT addresses_user_id_fkey FOREIGN KEY (user_id) REFERENCES public.users(id);


--
-- Name: cart_items cart_items_product_id_fkey; Type: FK CONSTRAINT; Schema: public; Owner: ekatte
--

ALTER TABLE ONLY public.cart_items
    ADD CONSTRAINT cart_items_product_id_fkey FOREIGN KEY (product_id) REFERENCES public.products(id);


--
-- Name: cart_items cart_items_user_id_fkey; Type: FK CONSTRAINT; Schema: public; Owner: ekatte
--

ALTER TABLE ONLY public.cart_items
    ADD CONSTRAINT cart_items_user_id_fkey FOREIGN KEY (user_id) REFERENCES public.users(id);


--
-- Name: order_items order_items_order_id_fkey; Type: FK CONSTRAINT; Schema: public; Owner: ekatte
--

ALTER TABLE ONLY public.order_items
    ADD CONSTRAINT order_items_order_id_fkey FOREIGN KEY (order_id) REFERENCES public.orders(id);


--
-- Name: order_items order_items_product_id_fkey; Type: FK CONSTRAINT; Schema: public; Owner: ekatte
--

ALTER TABLE ONLY public.order_items
    ADD CONSTRAINT order_items_product_id_fkey FOREIGN KEY (product_id) REFERENCES public.products(id);


--
-- Name: orders orders_address_id_fkey; Type: FK CONSTRAINT; Schema: public; Owner: ekatte
--

ALTER TABLE ONLY public.orders
    ADD CONSTRAINT orders_address_id_fkey FOREIGN KEY (address_id) REFERENCES public.addresses(id);


--
-- Name: orders orders_payment_id_fkey; Type: FK CONSTRAINT; Schema: public; Owner: ekatte
--

ALTER TABLE ONLY public.orders
    ADD CONSTRAINT orders_payment_id_fkey FOREIGN KEY (payment_id) REFERENCES public.payments(paymentid);


--
-- Name: orders orders_user_id_fkey; Type: FK CONSTRAINT; Schema: public; Owner: ekatte
--

ALTER TABLE ONLY public.orders
    ADD CONSTRAINT orders_user_id_fkey FOREIGN KEY (user_id) REFERENCES public.users(id);


--
-- Name: products products_currency_id_fkey; Type: FK CONSTRAINT; Schema: public; Owner: ekatte
--

ALTER TABLE ONLY public.products
    ADD CONSTRAINT products_currency_id_fkey FOREIGN KEY (currency_id) REFERENCES public.currencies(currency_id);


--
-- Name: products_details products_details_product_id_fkey; Type: FK CONSTRAINT; Schema: public; Owner: ekatte
--

ALTER TABLE ONLY public.products_details
    ADD CONSTRAINT products_details_product_id_fkey FOREIGN KEY (product_id) REFERENCES public.products(id);


--
-- Name: tags_products tags_products_product_id_fkey; Type: FK CONSTRAINT; Schema: public; Owner: ekatte
--

ALTER TABLE ONLY public.tags_products
    ADD CONSTRAINT tags_products_product_id_fkey FOREIGN KEY (product_id) REFERENCES public.products(id);


--
-- Name: tags_products tags_products_tag_id_fkey; Type: FK CONSTRAINT; Schema: public; Owner: ekatte
--

ALTER TABLE ONLY public.tags_products
    ADD CONSTRAINT tags_products_tag_id_fkey FOREIGN KEY (tag_id) REFERENCES public.tags(id);


--
-- PostgreSQL database dump complete
--

